Workbook
Name \I: #REF!
Name \P: #REF!
Name _1_0KOTA: #REF!
Name _1994: #REF!
Name _1995: #REF!
Name _1996: #REF!
Name _1997: #REF!
Name _1998: #REF!
Name _1999: #REF!
Name _1Q94: #REF!
Name _1Q95: #REF!
Name _2Q94: #REF!
Name _2Q95: #REF!
Name _3Q94: #REF!
Name _3Q95: #REF!
Name _4Q94: #REF!
Name _4Q95: #REF!
Name _eps94: #REF!
Name aa: #REF!
Name Actual_Price: #REF!
Name adafasd: #REF!
Name adfa: #REF!
Name adfqef: #REF!
Name AdjustedPrice: #REF!
Name adq: #REF!
Name akdeniz: #REF!
Name Analyst: #REF!
Name Analyst_Email: #REF!
Name Analyst_Phone: #REF!
Name Argentina: #REF!
Name as: #REF!
Name As_of: #REF!
Name asd: #REF!
Name asdf: #REF!
Name Astelit: #REF!
Name Atlanta_Gas_Light_Company_and_Subsidiaries: #REF!
Name BAL_SHEET: #REF!
Name BPP_CY: #REF!
Name BPP_GY: #REF!
Name BS_PL: #REF!
Name CAP: #REF!
Name cap.investment: #REF!
Name Capex: #REF!
Name Capex_96: #REF!
Name CASH: #REF!
Name CASH_FLOW: #REF!
Name ceps_00: #REF!
Name ceps_01: #REF!
Name CF: [0]!CF
Name CF_STATEMENT: #REF!
Name CFPS_Curr_Yr: #REF!
Name CFPS_Lst_Yr: #REF!
Name CFPS_Next_Yr: #REF!
Name Charts1: #REF!
Name Charts2: #REF!
Name Chile1: #REF!
Name Chile2: #REF!
Name Closed_End: #REF!
Name co_name: #REF!
Name COGS_00: #REF!

Sheet ENERJİ SEKTÖRÜ
A1: KOD | B1: ŞİRKET | C1: Piyasa Değeri (Milyon TL) | D1: Net Borç (Milyon TL) | E1: Firma Değeri (Milyon TL) | F1: Kurulu Güç (MW) | G1: Firma Değeri/ Kurulu Güç (Milyon TL/MW) | H1: FD/Kurulu Güç (USD/MW) | I1: FAVÖK (Milyon TL) | J1: FD/ FAVÖK (X) | K1: FAVÖK (Milyon USD) | L1: FAVÖK/Kurulu Güç (Milyon USD/MW) | M1: GES | N1: RES | O1: HES | P1: BES | Q1: JES | R1: Doğalgaz | S1: Termik + Linyit | T1: Toplam Kurulu Güç | U1: EPİAŞ SİSTEMİNE KAYITLI SANTRALLERİN YEKDEM/TOPLAM ORANI | V1: GES | W1: RES | X1: HES | Y1: BES | Z1: JES | AA1: Doğalgaz | AB1: Termik + Linyit | AC1: 2025 YATIRIM | AD1: 2026 YATIRIM | AE1: 2027 YATIRIM | AF1: 2030 YATIRIM | AG1: TOPLAM HEDEFLENEN YATIRIM | AH1: KAPASİTE ARTTIRIM HEDEFİ
A2: A1YEN:IS | B2: A1 Yenilenebilir Enerji | C2: =_xll.RasDaily(A2,TODAY(),"mcap",,,1000000) -> #NAME? | D2: =-_xll.RasRatio(A2,,$B$31,"Net Nakit",,,,,"C",,1000000) -> 298.89368 | E2: =C2+D2 -> #NAME? | F2: 53.4 | G2: =E2/F2 -> #NAME? | H2: =E2/(F2*$B$35) -> #NAME? | I2: =SUM(B38:E38) -> 300.06797 | J2: =E2/I2 -> #NAME? | K2: =I2/$B$35 -> #NAME? | L2: =K2/F2 -> #NAME? | M2: 53.4 | T2: =SUM(M2:S2) -> 53.4 | U2: - | V2: =M2/T2 -> 1 | W2: =N2/T2 -> 0 | X2: =O2/T2 -> 0 | Y2: =P2/T2 -> 0 | Z2: =Q2/T2 -> 0 | AA2: =R2/T2 -> 0 | AB2: =S2/T2 -> 0 | AC2: - | AD2: - | AE2: - | AF2: 7,76 Hibrit RES | AG2: 7.76 | AH2: =AG2/T2 -> 0.14531835
A3: AKENR:IS | B3: Ak Enerji | C3: =_xll.RasDaily(A3,TODAY(),"mcap",,,1000000) -> #NAME? | D3: =-_xll.RasRatio(A3,,$B$31,"Net Nakit",,,,,"C",,1000000) -> 23382.217 | E3: =C3+D3 -> #NAME? | F3: 1224 | G3: =E3/F3 -> #NAME? | H3: =E3/(F3*$B$35) -> #NAME? | I3: =SUM(B39:E39) -> 879.88132 | J3: =E3/I3 -> #NAME? | K3: =I3/$B$35 -> #NAME? | L3: =K3/F3 -> #NAME? | N3: 28 | O3: 292 | R3: 904 | T3: =SUM(M3:S3) -> 1224 | U3: 8/9 | V3: =M3/T3 -> 0 | W3: =N3/T3 -> 0.022875817 | X3: =O3/T3 -> 0.23856209 | Y3: =P3/T3 -> 0 | Z3: =Q3/T3 -> 0 | AA3: =R3/T3 -> 0.73856209 | AB3: =S3/T3 -> 0 | AC3: 8,1 MW Biyokütle Hibrit GES | AD3: 7,70 MW DGKÇS Hibrit GES | AE3: - | AF3: - | AG3: 15.8 | AH3: =AG3/T3 -> 0.012908497
A4: AKFYE:IS | B4: Akfen Yenilenebilir Enerji | C4: =_xll.RasDaily(A4,TODAY(),"mcap",,,1000000) -> #NAME? | D4: =-_xll.RasRatio(A4,,$B$31,"Net Nakit",,,,,"C",,1000000) -> 11366.832 | E4: =C4+D4 -> #NAME? | F4: 886.54 | G4: =E4/F4 -> #NAME? | H4: =E4/(F4*$B$35) -> #NAME? | I4: =SUM(B40:E40) -> 3206.0644 | J4: =E4/I4 -> #NAME? | K4: =I4/$B$35 -> #NAME? | L4: =K4/F4 -> #NAME? | M4: 121.4 | N4: 536.4 | O4: 228.75 | T4: =O4+N4+M4 -> 886.55 | U4: 15/26 | V4: =M4/T4 -> 0.13693531 | W4: =N4/T4 -> 0.60504202 | X4: =O4/T4 -> 0.25802267 | Y4: =P4/T4 -> 0 | Z4: =Q4/T4 -> 0 | AA4: =R4/T4 -> 0 | AB4: =S4/T4 -> 0 | AC4: - | AD4: - | AE4: 95 MW GES + 215 MW RES | AF4: - | AG4: 310 | AH4: =AG4/T4 -> 0.34967007
A5: AKSEN:IS | B5: Aksa Enerji | C5: =_xll.RasDaily(A5,TODAY(),"mcap",,,1000000) -> #NAME? | D5: =-_xll.RasRatio(A5,,$B$31,"Net Nakit",,,,,"C",,1000000) -> 52919.524 | E5: =C5+D5 -> #NAME? | F5: 3188 | G5: =E5/F5 -> #NAME? | H5: =E5/(F5*$B$35) -> #NAME? | I5: =SUM(B41:E41) -> 11884.674 | J5: =E5/I5 -> #NAME? | K5: =I5/$B$35 -> #NAME? | L5: =K5/F5 -> #NAME? | R5: 2170 | S5: =618+270 -> 888 | T5: =SUM(M5:S5) -> 3058 | U5: 1/2 | V5: =M5/T5 -> 0 | W5: =N5/T5 -> 0 | X5: =O5/T5 -> 0 | Y5: =P5/T5 -> 0 | Z5: =Q5/T5 -> 0 | AA5: =R5/T5 -> 0.70961413 | AB5: =S5/T5 -> 0.29038587 | AC5: - | AD5: HFO 119 MW + DGKÇS 130 MW + 25 MW RES + 100 MW GES | AE5: 100,08 MW RES + 90,5MW GES | AF5: TR DE 1000 MW KURULU GÜÇ HEDEFİ | AG5: 564.5 | AH5: =AG5/T5 -> 0.18459778
A6: AKSUE:IS | B6: Aksu Enerji | C6: =_xll.RasDaily(A6,TODAY(),"mcap",,,1000000) -> #NAME? | D6: =-_xll.RasRatio(A6,,$B$31,"Net Nakit",,,,,"C",,1000000) -> 0.275846 | E6: =C6+D6 -> #NAME? | F6: 20.11 | G6: =E6/F6 -> #NAME? | H6: =E6/(F6*$B$35) -> #NAME? | I6: =SUM(B42:E42) -> 19.118153 | J6: =E6/I6 -> #NAME? | K6: =I6/$B$35 -> #NAME? | L6: =K6/F6 -> #NAME? | M6: 7.51 | O6: =26.54+13.6 -> 40.14 | T6: =SUM(M6:S6) -> 47.65 | U6: 4/6 | V6: =M6/T6 -> 0.15760756 | W6: =N6/T6 -> 0 | X6: =O6/T6 -> 0.84239244 | Y6: =P6/T6 -> 0 | Z6: =Q6/T6 -> 0 | AA6: =R6/T6 -> 0 | AB6: =S6/T6 -> 0 | AC6: - | AD6: - | AE6: - | AF6: - | AG6: 0 | AH6: =AG6/T6 -> 0
A7: ALFAS:IS | B7: Alfa Solar Enerji | C7: =_xll.RasDaily(A7,TODAY(),"mcap",,,1000000) -> #NAME? | D7: =-_xll.RasRatio(A7,,$B$31,"Net Nakit",,,,,"C",,1000000) -> 2051.0801 | E7: =C7+D7 -> #NAME? | F7: 39.88 | G7: =E7/F7 -> #NAME? | H7: =E7/(F7*$B$35) -> #NAME? | I7: =SUM(#REF!) -> #REF! | J7: =E7/I7 -> #NAME? | K7: =I7/$B$35 -> #REF! | L7: =K7/F7 -> #REF! | M7: =39.88 -> 39.88 | T7: =SUM(M7:S7) -> 39.88 | V7: =M7/T7 -> 1 | W7: =N7/T7 -> 0 | X7: =O7/T7 -> 0 | Y7: =P7/T7 -> 0 | Z7: =Q7/T7 -> 0 | AA7: =R7/T7 -> 0 | AB7: =S7/T7 -> 0 | AC7: - | AD7: 19,39 MW GES | AF7: 1000 MW KURULU GÜÇHEDEFİ | AG7: 19.39 | AH7: =AG7/T7 -> 0.48620863
A8: AYDEM:IS | B8: Aydem Yenilenebilir Enerji | C8: =_xll.RasDaily(A8,TODAY(),"mcap",,,1000000) -> #NAME? | D8: =-_xll.RasRatio(A8,,$B$31,"Net Nakit",,,,,"C",,1000000) -> 22053.575 | E8: =C8+D8 -> #NAME? | F8: 1197.63 | G8: =E8/F8 -> #NAME? | H8: =E8/(F8*$B$35) -> #NAME? | I8: =SUM(B43:E43) -> 4830.9991 | J8: =E8/I8 -> #NAME? | K8: =I8/$B$35 -> #NAME? | L8: =K8/F8 -> #NAME? | N8: 338.65 | O8: 852.13 | Q8: 6.85 | T8: =SUM(M8:S8) -> 1197.63 | U8: 3/18 | V8: =M8/T8 -> 0 | W8: =N8/T8 -> 0.2827668 | X8: =O8/T8 -> 0.71151357 | Y8: =P8/T8 -> 0 | Z8: =Q8/T8 -> 0.0057196296 | AA8: =R8/T8 -> 0 | AB8: =S8/T8 -> 0 | AC8: - | AD8: 34 MW Depolamalı RES | AE8: 112 MW RES + 600 MW Depolamalı GES | AF8: - | AG8: 746 | AH8: =AG8/T8 -> 0.62289689
A9: AYEN:IS | B9: Ayen Enerji | C9: =_xll.RasDaily(A9,TODAY(),"mcap",,,1000000) -> #NAME? | D9: =-_xll.RasRatio(A9,,$B$31,"Net Nakit",,,,,"C",,1000000) -> 6412.994 | E9: =C9+D9 -> #NAME? | F9: 312.42 | G9: =E9/F9 -> #NAME? | H9: =E9/(F9*$B$35) -> #NAME? | I9: =SUM(B44:E44) -> 2192.187 | J9: =E9/I9 -> #NAME? | K9: =I9/$B$35 -> #NAME? | L9: =K9/F9 -> #NAME? | N9: 133.85 | O9: 68.86 | T9: =SUM(M9:S9) -> 202.71 | U9: 2/6 | V9: =M9/T9 -> 0 | W9: =N9/T9 -> 0.6603029 | X9: =O9/T9 -> 0.3396971 | Y9: =P9/T9 -> 0 | Z9: =Q9/T9 -> 0 | AA9: =R9/T9 -> 0 | AB9: =S9/T9 -> 0 | AC9: - | AD9: - | AE9: - | AF9: 12 MW RES + 111 MW HES | AG9: 123 | AH9: =AG9/T9 -> 0.60677816
A10: BIGEN:IS | B10: Birleşim Grup Enerji | C10: =_xll.RasDaily(A10,TODAY(),"mcap",,,1000000) -> #NAME? | D10: =-_xll.RasRatio(A10,,$B$31,"Net Nakit",,,,,"C",,1000000) -> 3184.6634 | E10: =C10+D10 -> #NAME? | F10: 146.18 | G10: =E10/F10 -> #NAME? | H10: =E10/(F10*$B$35) -> #NAME? | I10: =SUM(B45:E45) -> 689.20386 | J10: =E10/I10 -> #NAME? | K10: =I10/$B$35 -> #NAME? | L10: =K10/F10 -> #NAME? | M10: 178.28 | T10: =SUM(M10:S10) -> 178.28 | U10: 13/14 | V10: =M10/T10 -> 1 | W10: =N10/T10 -> 0 | X10: =O10/T10 -> 0 | Y10: =P10/T10 -> 0 | Z10: =Q10/T10 -> 0 | AA10: =R10/T10 -> 0 | AB10: =S10/T10 -> 0 | AC10: - | AD10: - | AE10: - | AF10: 24 MW RES | AG10: 24 | AH10: =AG10/T10 -> 0.1346197
A11: BIOEN:IS | B11: Biotrend Çevre ve Enerji | C11: =_xll.RasDaily(A11,TODAY(),"mcap",,,1000000) -> #NAME? | D11: =-_xll.RasRatio(A11,,$B$31,"Net Nakit",,,,,"C",,1000000) -> 5733.8572 | E11: =C11+D11 -> #NAME? | F11: 114.2 | G11: =E11/F11 -> #NAME? | H11: =E11/(F11*$B$35) -> #NAME? | I11: =SUM(B46:E46) -> 248.52688 | J11: =E11/I11 -> #NAME? | K11: =I11/$B$35 -> #NAME? | L11: =K11/F11 -> #NAME? | P11: 116.94 | T11: =SUM(M11:S11) -> 116.94 | U11: 12/14 | V11: =M11/T11 -> 0 | W11: =N11/T11 -> 0 | X11: =O11/T11 -> 0 | Y11: =P11/T11 -> 1 | Z11: =Q11/T11 -> 0 | AA11: =R11/T11 -> 0 | AB11: =S11/T11 -> 0 | AC11: - | AD11: - | AE11: 30 MW BES | AF11: 24 MW BES | AG11: 54 | AH11: =AG11/T11 -> 0.46177527
A12: CANTE:IS | B12: Çan2 Termik Santrali | C12: =_xll.RasDaily(A12,TODAY(),"mcap",,,1000000) -> #NAME? | D12: =-_xll.RasRatio(A12,,$B$31,"Net Nakit",,,,,"C",,1000000) -> -1468.7565 | E12: =C12+D12 -> #NAME? | F12: 330 | G12: =E12/F12 -> #NAME? | H12: =E12/(F12*$B$35) -> #NAME? | I12: =SUM(B47:E47) -> 2111.4752 | J12: =E12/I12 -> #NAME? | K12: =I12/$B$35 -> #NAME? | L12: =K12/F12 -> #NAME? | S12: 330 | T12: =SUM(M12:S12) -> 330 | U12: 0/1 | V12: =M12/T12 -> 0 | W12: =N12/T12 -> 0 | X12: =O12/T12 -> 0 | Y12: =P12/T12 -> 0 | Z12: =Q12/T12 -> 0 | AA12: =R12/T12 -> 0 | AB12: =S12/T12 -> 1 | AC12: - | AD12: - | AE12: - | AF12: - | AG12: 0 | AH12: =AG12/T12 -> 0
A13: CATES:IS | B13: Çatalağzı Termik Santrali | C13: =_xll.RasDaily(A13,TODAY(),"mcap",,,1000000) -> #NAME? | D13: =-_xll.RasRatio(A13,,$B$31,"Net Nakit",,,,,"C",,1000000) -> -896.75339 | E13: =C13+D13 -> #NAME? | F13: 314.68 | G13: =E13/F13 -> #NAME? | H13: =E13/(F13*$B$35) -> #NAME? | I13: =SUM(B48:E48) -> 385.89506 | J13: =E13/I13 -> #NAME? | K13: =I13/$B$35 -> #NAME? | L13: =K13/F13 -> #NAME? | S13: 314.68 | T13: =SUM(M13:S13) -> 314.68 | U13: 0/1 | V13: =M13/T13 -> 0 | W13: =N13/T13 -> 0 | X13: =O13/T13 -> 0 | Y13: =P13/T13 -> 0 | Z13: =Q13/T13 -> 0 | AA13: =R13/T13 -> 0 | AB13: =S13/T13 -> 1 | AC13: - | AD13: - | AE13: - | AF13: - | AG13: 0 | AH13: =AG13/T13 -> 0
A14: CONSE:IS | B14: Consus Enerji | C14: =_xll.RasDaily(A14,TODAY(),"mcap",,,1000000) -> #NAME? | D14: =-_xll.RasRatio(A14,,$B$31,"Net Nakit",,,,,"C",,1000000) -> 3913.3189 | E14: =C14+D14 -> #NAME? | F14: 110.5 | G14: =E14/F14 -> #NAME? | H14: =E14/(F14*$B$35) -> #NAME? | I14: =SUM(B49:E49) -> 350.088 | J14: =E14/I14 -> #NAME? | K14: =I14/$B$35 -> #NAME? | L14: =K14/F14 -> #NAME? | M14: 10.8 | P14: 34.2 | T14: 107.4 | U14: 3/3 | V14: =M14/T14 -> 0.10055866 | W14: =N14/T14 -> 0 | X14: =O14/T14 -> 0 | Y14: =P14/T14 -> 0.31843575 | Z14: =Q14/T14 -> 0 | AA14: =R14/T14 -> 0 | AB14: =S14/T14 -> 0 | AC14: - | AD14: - | AE14: 25 MW GES + 50 MW DGKÇS | AF14: - | AG14: 75 | AH14: =AG14/T14 -> 0.69832402
A15: CWENE:IS | B15: CW Enerji | C15: =_xll.RasDaily(A15,TODAY(),"mcap",,,1000000) -> #NAME? | D15: =-_xll.RasRatio(A15,,$B$31,"Net Nakit",,,,,"C",,1000000) -> 8070.0855 | E15: =C15+D15 -> #NAME? | F15: 14.36 | G15: =E15/F15 -> #NAME? | H15: =E15/(F15*$B$35) -> #NAME? | I15: =SUM(#REF!) -> #REF! | J15: =E15/I15 -> #NAME? | K15: =I15/$B$35 -> #REF! | L15: =K15/F15 -> #REF! | M15: 14.36 | T15: =SUM(M15:S15) -> 14.36 | V15: =M15/T15 -> 1 | W15: =N15/T15 -> 0 | X15: =O15/T15 -> 0 | Y15: =P15/T15 -> 0 | Z15: =Q15/T15 -> 0 | AA15: =R15/T15 -> 0 | AB15: =S15/T15 -> 0 | AC15: - | AD15: - | AE15: - | AF15: - | AG15: 0 | AH15: =AG15/T15 -> 0
A16: ECOGR:IS | B16: EcoGreen Enerji | C16: =_xll.RasDaily(A16,TODAY(),"mcap",,,1000000) -> #NAME? | D16: =-_xll.RasRatio(A16,,$B$31,"Net Nakit",,,,,"C",,1000000) -> 8256.1982 | E16: =C16+D16 -> #NAME? | F16: 179.34 | G16: =E16/F16 -> #NAME? | H16: =E16/(F16*$B$35) -> #NAME? | I16: =SUM(B50:E50) -> 1910.5224 | J16: =E16/I16 -> #NAME? | K16: =I16/$B$35 -> #NAME? | L16: =K16/F16 -> #NAME? | M16: 156.94 | P16: 22.4 | T16: =SUM(M16:S16) -> 179.34 | U16: 1/11 | V16: =M16/T16 -> 0.87509758 | W16: =N16/T16 -> 0 | X16: =O16/T16 -> 0 | Y16: =P16/T16 -> 0.12490242 | Z16: =Q16/T16 -> 0 | AA16: =R16/T16 -> 0 | AB16: =S16/T16 -> 0 | AC16: - | AD16: 50 MW GES | AE16: - | AF16: 100 MW RES + 100 MW Depolamalı RES | AG16: 250 | AH16: =AG16/T16 -> 1.3940002
A17: ENDAE:IS | B17: Enda Enerji | C17: =_xll.RasDaily(A17,TODAY(),"mcap",,,1000000) -> #NAME? | D17: =-_xll.RasRatio(A17,,$B$31,"Net Nakit",,,,,"C",,1000000) -> -1478.3514 | E17: =C17+D17 -> #NAME? | F17: 189.12 | G17: =E17/F17 -> #NAME? | H17: =E17/(F17*$B$35) -> #NAME? | I17: =SUM(B51:E51) -> 573.27126 | J17: =E17/I17 -> #NAME? | K17: =I17/$B$35 -> #NAME? | L17: =K17/F17 -> #NAME? | M17: 6.66 | N17: 47.83 | O17: 83.55 | Q17: 5.59 | T17: =SUM(M17:S17) -> 143.63 | U17: 8/13 | V17: =M17/T17 -> 0.046369143 | W17: =N17/T17 -> 0.33300842 | X17: =O17/T17 -> 0.58170299 | Y17: =P17/T17 -> 0 | Z17: =Q17/T17 -> 0.038919446 | AA17: =R17/T17 -> 0 | AB17: =S17/T17 -> 0 | AC17: - | AD17: - | AE17: - | AF17: 17,95 MW RES + 2,2 MW HES + 54 MW GES | AG17: 74.15 | AH17: =AG17/T17 -> 0.51625705
A18: ENTRA:IS | B18: IC Enterra Yenilenebilir Enerji | C18: =_xll.RasDaily(A18,TODAY(),"mcap",,,1000000) -> #NAME? | D18: =-_xll.RasRatio(A18,,$B$31,"Net Nakit",,,,,"C",,1000000) -> 11618.956 | E18: =C18+D18 -> #NAME? | F18: 487.982 | G18: =E18/F18 -> #NAME? | H18: =E18/(F18*$B$35) -> #NAME? | I18: =SUM(B52:E52) -> 2905.8691 | J18: =E18/I18 -> #NAME? | K18: =I18/$B$35 -> #NAME? | L18: =K18/F18 -> #NAME? | M18: 100 | O18: 387.982 | T18: =SUM(M18:S18) -> 487.982 | U18: 2/10 | V18: =M18/T18 -> 0.20492559 | W18: =N18/T18 -> 0 | X18: =O18/T18 -> 0.79507441 | Y18: =P18/T18 -> 0 | Z18: =Q18/T18 -> 0 | AA18: =R18/T18 -> 0 | AB18: =S18/T18 -> 0 | AC18: - | AD18: - | AE18: - | AF18: 135 MW RES | AG18: 45 | AH18: =AG18/T18 -> 0.092216516
A19: GWIND:IS | B19: Galata Wind Enerji | C19: =_xll.RasDaily(A19,TODAY(),"mcap",,,1000000) -> #NAME? | D19: =-_xll.RasRatio(A19,,$B$31,"Net Nakit",,,,,"C",,1000000) -> 1593.2409 | E19: =C19+D19 -> #NAME? | F19: 354.2 | G19: =E19/F19 -> #NAME? | H19: =E19/(F19*$B$35) -> #NAME? | I19: =SUM(B53:E53) -> 1918.4335 | J19: =E19/I19 -> #NAME? | K19: =I19/$B$35 -> #NAME? | L19: =K19/F19 -> #NAME? | M19: =34.1+36.2 -> 70.3 | N19: 283.9 | T19: =SUM(M19:S19) -> 354.2 | U19: 4/6 | V19: =M19/T19 -> 0.19847544 | W19: =N19/T19 -> 0.80152456 | X19: =O19/T19 -> 0 | Y19: =P19/T19 -> 0 | Z19: =Q19/T19 -> 0 | AA19: =R19/T19 -> 0 | AB19: =S19/T19 -> 0 | AC19: - | AD19: 27,2 MW RES | AE19: 300 MW RES + 110 MW GES | AF19: 1000 MW KURULU GÜÇ HEDEFİ | AG19: 437.2 | AH19: =AG19/T19 -> 1.2343309
A20: HUNER:IS | B20: Hun Yenilenebilir Enerji | C20: =_xll.RasDaily(A20,TODAY(),"mcap",,,1000000) -> #NAME? | D20: =-_xll.RasRatio(A20,,$B$31,"Net Nakit",,,,,"C",,1000000) -> 1918.034 | E20: =C20+D20 -> #NAME? | F20: 103.1 | G20: =E20/F20 -> #NAME? | H20: =E20/(F20*$B$35) -> #NAME? | I20: =SUM(#REF!) -> #REF! | J20: =E20/I20 -> #NAME? | K20: =I20/$B$35 -> #REF! | L20: =K20/F20 -> #REF! | M20: 66.5 | O20: 26.1 | P20: 10.5 | T20: =SUM(M20:S20) -> 103.1 | V20: =M20/T20 -> 0.64500485 | W20: =N20/T20 -> 0 | X20: =O20/T20 -> 0.25315228 | Y20: =P20/T20 -> 0.10184287 | Z20: =Q20/T20 -> 0 | AA20: =R20/T20 -> 0 | AB20: =S20/T20 -> 0 | AC20: - | AD20: - | AE20: - | AF20: 5,08 MW GES | AG20: 5.08 | AH20: =AG20/T20 -> 0.049272551
A21: IZENR:IS | B21: İzdemir Enerji | C21: =_xll.RasDaily(A21,TODAY(),"mcap",,,1000000) -> #NAME? | D21: =-_xll.RasRatio(A21,,$B$31,"Net Nakit",,,,,"C",,1000000) -> 325.04677 | E21: =C21+D21 -> #NAME? | F21: 513.18 | G21: =E21/F21 -> #NAME? | H21: =E21/(F21*$B$35) -> #NAME? | I21: =SUM(B54:E54) -> 1735.4664 | J21: =E21/I21 -> #NAME? | K21: =I21/$B$35 -> #NAME? | L21: =K21/F21 -> #NAME? | M21: 143.18 | S21: 370 | T21: =SUM(M21:S21) -> 513.18 | U21: 0/4 | V21: =M21/T21 -> 0.27900542 | W21: =N21/T21 -> 0 | X21: =O21/T21 -> 0 | Y21: =P21/T21 -> 0 | Z21: =Q21/T21 -> 0 | AA21: =R21/T21 -> 0 | AB21: =S21/T21 -> 0.72099458 | AC21: - | AD21: - | AE21: - | AF21: - | AG21: 0 | AH21: =AG21/T21 -> 0
A22: LYDYE:IS | B22: Lydia Yenilebilir Enerji | C22: =_xll.RasDaily(A22,TODAY(),"mcap",,,1000000) -> #NAME? | D22: =-_xll.RasRatio(A22,,$B$31,"Net Nakit",,,,,"C",,1000000) -> -25.327874 | E22: =C22+D22 -> #NAME? | F22: 6.29 | G22: =E22/F22 -> #NAME? | H22: =E22/(F22*$B$35) -> #NAME? | I22: =SUM(B55:E55) -> 17.154661 | J22: =E22/I22 -> #NAME? | K22: =I22/$B$35 -> #NAME? | L22: =K22/F22 -> #NAME? | M22: 6.29 | T22: =SUM(M22:S22) -> 6.29 | U22: 0/5 | V22: =M22/T22 -> 1 | W22: =N22/T22 -> 0 | X22: =O22/T22 -> 0 | Y22: =P22/T22 -> 0 | Z22: =Q22/T22 -> 0 | AA22: =R22/T22 -> 0 | AB22: =S22/T22 -> 0 | AC22: - | AD22: - | AE22: - | AF22: - | AG22: 0 | AH22: =AG22/T22 -> 0
A23: MOGAN:IS | B23: Mogan Enerji | C23: =_xll.RasDaily(A23,TODAY(),"mcap",,,1000000) -> #NAME? | D23: =-_xll.RasRatio(A23,,$B$31,"Net Nakit",,,,,"C",,1000000) -> 30095.211 | E23: =C23+D23 -> #NAME? | F23: 972.77 | G23: =E23/F23 -> #NAME? | H23: =E23/(F23*$B$35) -> #NAME? | I23: =SUM(B56:E56) -> 7058.6308 | J23: =E23/I23 -> #NAME? | K23: =I23/$B$35 -> #NAME? | L23: =K23/F23 -> #NAME? | N23: 489.24 | O23: 63.59 | Q23: 233.91 | T23: =SUM(M23:S23) -> 786.74 | U23: 8/18 | V23: =M23/T23 -> 0 | W23: =N23/T23 -> 0.62185728 | X23: =O23/T23 -> 0.080827211 | Y23: =P23/T23 -> 0 | Z23: =Q23/T23 -> 0.2973155 | AA23: =R23/T23 -> 0 | AB23: =S23/T23 -> 0 | AF23: 74,88 MW RES | AG23: 74.88 | AH23: =AG23/T23 -> 0.095177568
A24: ODAS:IS | B24: Odaş Elektrik | C24: =_xll.RasDaily(A24,TODAY(),"mcap",,,1000000) -> #NAME? | D24: =-_xll.RasRatio(A24,,$B$31,"Net Nakit",,,,,"C",,1000000) -> -1540.4054 | E24: =C24+D24 -> #NAME? | F24: 270.6 | G24: =E24/F24 -> #NAME? | H24: =E24/(F24*$B$35) -> #NAME? | I24: =SUM(#REF!) -> #REF! | J24: =E24/I24 -> #NAME? | K24: =I24/$B$35 -> #REF! | L24: =K24/F24 -> #REF! | R24: 174 | S24: 96.6 | T24: =SUM(M24:S24) -> 270.6 | V24: =M24/T24 -> 0 | W24: =N24/T24 -> 0 | X24: =O24/T24 -> 0 | Y24: =P24/T24 -> 0 | Z24: =Q24/T24 -> 0 | AA24: =R24/T24 -> 0.64301552 | AB24: =S24/T24 -> 0.35698448 | AC24: - | AD24: - | AE24: - | AF24: - | AG24: 0 | AH24: =AG24/T24 -> 0
A25: PAMEL:IS | B25: Pamel Yenilenebilir Elektrik Üretimi | C25: =_xll.RasDaily(A25,TODAY(),"mcap",,,1000000) -> #NAME? | D25: =-_xll.RasRatio(A25,,$B$31,"Net Nakit",,,,,"C",,1000000) -> -4.121764 | E25: =C25+D25 -> #NAME? | F25: 18.454 | G25: =E25/F25 -> #NAME? | H25: =E25/(F25*$B$35) -> #NAME? | I25: =SUM(B57:E57) -> 9.0790455 | J25: =E25/I25 -> #NAME? | K25: =I25/$B$35 -> #NAME? | L25: =K25/F25 -> #NAME? | M25: 4.018 | O25: 14.436 | T25: =SUM(M25:S25) -> 18.454 | V25: =M25/T25 -> 0.21773057 | W25: =N25/T25 -> 0 | X25: =O25/T25 -> 0.78226943 | Y25: =P25/T25 -> 0 | Z25: =Q25/T25 -> 0 | AA25: =R25/T25 -> 0 | AB25: =S25/T25 -> 0 | AC25: - | AD25: - | AE25: - | AF25: - | AG25: 0 | AH25: =AG25/T25 -> 0
A26: SMRTG:IS | B26: Smart Güneş | C26: =_xll.RasDaily(A26,TODAY(),"mcap",,,1000000) -> #NAME? | D26: =-_xll.RasRatio(A26,,$B$31,"Net Nakit",,,,,"C",,1000000) -> 10536.162 | E26: =C26+D26 -> #NAME? | F26: 93.01 | G26: =E26/F26 -> #NAME? | H26: =E26/(F26*$B$35) -> #NAME? | I26: =SUM(#REF!) -> #REF! | J26: =E26/I26 -> #NAME? | K26: =I26/$B$35 -> #REF! | L26: =K26/F26 -> #REF! | M26: =100*0.9301 -> 93.01 | T26: =SUM(M26:S26) -> 93.01 | V26: =M26/T26 -> 1 | W26: =N26/T26 -> 0 | X26: =O26/T26 -> 0 | Y26: =P26/T26 -> 0 | Z26: =Q26/T26 -> 0 | AA26: =R26/T26 -> 0 | AB26: =S26/T26 -> 0 | AC26: - | AD26: - | AE26: - | AF26: 244,85 MW GES | AG26: 244.85 | AH26: =AG26/T26 -> 2.6325126
A27: TATEN:IS | B27: Tatlıpınar Enerji | C27: =_xll.RasDaily(A27,TODAY(),"mcap",,,1000000) -> #NAME? | D27: =-_xll.RasRatio(A27,,$B$31,"Net Nakit",,,,,"C",,1000000) -> 6973.4525 | E27: =C27+D27 -> #NAME? | F27: 362.5 | G27: =E27/F27 -> #NAME? | H27: =E27/(F27*$B$35) -> #NAME? | I27: =SUM(B58:E58) -> 1645.7176 | J27: =E27/I27 -> #NAME? | K27: =I27/$B$35 -> #NAME? | L27: =K27/F27 -> #NAME? | M27: 82.28 | N27: 258.5 | O27: 21.5 | T27: 362.5 | U27: 6/6 | V27: =M27/T27 -> 0.22697931 | W27: =N27/T27 -> 0.71310345 | X27: =O27/T27 -> 0.059310345 | Y27: =P27/T27 -> 0 | Z27: =Q27/T27 -> 0 | AA27: =R27/T27 -> 0 | AB27: =S27/T27 -> 0 | AC27: - | AD27: - | AE27: - | AF27: - | AG27: 0 | AH27: =AG27/T27 -> 0
A28: ZEDUR:IS | B28: Zedur Enerj | C28: =_xll.RasDaily(A28,TODAY(),"mcap",,,1000000) -> #NAME? | D28: =-_xll.RasRatio(A28,,$B$31,"Net Nakit",,,,,"C",,1000000) -> 463.82712 | E28: =C28+D28 -> #NAME? | F28: 15.8 | G28: =E28/F28 -> #NAME? | H28: =E28/(F28*$B$35) -> #NAME? | I28: =SUM(B59:E59) -> 21.938434 | J28: =E28/I28 -> #NAME? | K28: =I28/$B$35 -> #NAME? | L28: =K28/F28 -> #NAME? | M28: 12.2 | O28: 3.6 | T28: =SUM(M28:S28) -> 15.8 | U28: 3/4 | V28: =M28/T28 -> 0.7721519 | W28: =N28/T28 -> 0 | X28: =O28/T28 -> 0.2278481 | Y28: =P28/T28 -> 0 | Z28: =Q28/T28 -> 0 | AA28: =R28/T28 -> 0 | AB28: =S28/T28 -> 0 | AC28: - | AD28: - | AE28: - | AF28: 15 MW Depolamalı GES | AG28: 15 | AH28: =AG28/T28 -> 0.94936709
A29: ZOREN:IS | B29: Zorlu Enerji | C29: =_xll.RasDaily(A29,TODAY(),"mcap",,,1000000) -> #NAME? | D29: =-_xll.RasRatio(A29,,$B$31,"Net Nakit",,,,,"C",,1000000) -> 55179.191 | E29: =C29+D29 -> #NAME? | F29: =473.45+57.9 -> 531.35 | G29: =E29/F29 -> #NAME? | H29: =E29/(F29*$B$35) -> #NAME? | I29: =SUM(B60:E60) -> 6161.8721 | J29: =E29/I29 -> #NAME? | K29: =I29/$B$35 -> #NAME? | L29: =K29/F29 -> #NAME? | N29: 135 | O29: 118.92 | Q29: 305 | R29: 49.53 | T29: =SUM(M29:S29) -> 608.45 | U29: 2/13 | V29: =M29/T29 -> 0 | W29: =N29/T29 -> 0.22187526 | X29: =O29/T29 -> 0.19544745 | Y29: =P29/T29 -> 0 | Z29: =Q29/T29 -> 0.50127373 | AA29: =R29/T29 -> 0.081403566 | AB29: =S29/T29 -> 0 | AC29: - | AD29: - | AE29: - | AF29: 375 MW RES + 63,6 JES | AG29: 438.6 | AH29: =AG29/T29 -> 0.72084806
B31: 46112 | C31: 2025
A33: Tarih | B33: USD_DS:TFX
A34: =TODAY() -> 46246 | B34: =_xll.RasDaily(B$33,$A$34,"close",,TRUE(),1) -> #NAME?
A35: =TODAY() -> 46246 | B35: =_xll.RasDaily(B$33,$A$35,"close",,TRUE(),1) -> #NAME?
A37: FAVÖK | B37: 2026/1Q | C37: 2025/4Q | D37: 2025/3Q | E37: 2025/2Q | G37: Net Borç | H37: Net Borç/FAVÖK | I37: Özkaynaklar
A38: A1YEN:IS | B38: =_xll.RasRatio(A2,$B$37,$B$37,"EBITDA","XI_29","LOCAL",,FALSE(),"AC",,1000000) -> 37.083456 | C38: =_xll.RasRatio(A2,$C$37,$C$37,"EBITDA","XI_29","LOCAL",,FALSE(),"AC",,1000000) -> 79.314649 | D38: =_xll.RasRatio(A2,$D$37,$D$37,"EBITDA","XI_29","LOCAL",,FALSE(),"AC",,1000000) -> 103.06845 | E38: =_xll.RasRatio(A2,$E$37,$E$37,"EBITDA","XI_29","LOCAL",,FALSE(),"AC",,1000000) -> 80.60141 | G38: =-_xll.RasRatio(A38,,$B$37,"Net Nakit",,,,,"C",,1000000) -> 298.89368 | H38: =G38/SUM(B38:E38) -> 0.9960866 | I38: =_xll.RasFinancial(A38,"2026/3M",2400,"XI_29","LOCAL",,FALSE(),"AC",,1000000) -> 3375.5993
A39: AKENR:IS | B39: =_xll.RasRatio(A3,$B$37,$B$37,"EBITDA","XI_29","LOCAL",,FALSE(),"AC",,1000000) -> 604.698 | C39: =_xll.RasRatio(A3,$C$37,$C$37,"EBITDA","XI_29","LOCAL",,FALSE(),"AC",,1000000) -> 92.158321 | D39: =_xll.RasRatio(A3,$D$37,$D$37,"EBITDA","XI_29","LOCAL",,FALSE(),"AC",,1000000) -> 38.723 | E39: =_xll.RasRatio(A3,$E$37,$E$37,"EBITDA","XI_29","LOCAL",,FALSE(),"AC",,1000000) -> 144.302 | G39: =-_xll.RasRatio(A39,,$B$37,"Net Nakit",,,,,"C",,1000000) -> 23382.217 | H39: =G39/SUM(B39:E39) -> 26.574285 | I39: =_xll.RasFinancial(A39,"2026/3M",2400,"XI_29","LOCAL",,FALSE(),"AC",,1000000) -> 14552.864
A40: AKFYE:IS | B40: =_xll.RasRatio(A4,$B$37,$B$37,"EBITDA","XI_29","LOCAL",,FALSE(),"AC",,1000000) -> 870.329 | C40: =_xll.RasRatio(A4,$C$37,$C$37,"EBITDA","XI_29","LOCAL",,FALSE(),"AC",,1000000) -> 712.71341 | D40: =_xll.RasRatio(A4,$D$37,$D$37,"EBITDA","XI_29","LOCAL",,FALSE(),"AC",,1000000) -> 803.362 | E40: =_xll.RasRatio(A4,$E$37,$E$37,"EBITDA","XI_29","LOCAL",,FALSE(),"AC",,1000000) -> 819.66 | G40: =-_xll.RasRatio(A40,,$B$37,"Net Nakit",,,,,"C",,1000000) -> 11366.832 | H40: =G40/SUM(B40:E40) -> 3.545416 | I40: =_xll.RasFinancial(A40,"2026/3M",2400,"XI_29","LOCAL",,FALSE(),"AC",,1000000) -> 62456.935
A41: AKSEN:IS | B41: =_xll.RasRatio(A5,$B$37,$B$37,"EBITDA","XI_29","LOCAL",,FALSE(),"AC",,1000000) -> 3232.3651 | C41: =_xll.RasRatio(A5,$C$37,$C$37,"EBITDA","XI_29","LOCAL",,FALSE(),"AC",,1000000) -> 2928.5863 | D41: =_xll.RasRatio(A5,$D$37,$D$37,"EBITDA","XI_29","LOCAL",,FALSE(),"AC",,1000000) -> 3079.8861 | E41: =_xll.RasRatio(A5,$E$37,$E$37,"EBITDA","XI_29","LOCAL",,FALSE(),"AC",,1000000) -> 2643.8368 | G41: =-_xll.RasRatio(A41,,$B$37,"Net Nakit",,,,,"C",,1000000) -> 52919.524 | H41: =G41/SUM(B41:E41) -> 4.4527534 | I41: =_xll.RasFinancial(A41,"2026/3M",2400,"XI_29","LOCAL",,FALSE(),"AC",,1000000) -> 70028.292
A42: AKSUE:IS | B42: =_xll.RasRatio(A6,$B$37,$B$37,"EBITDA","XI_29","LOCAL",,FALSE(),"AC",,1000000) -> 0.663063 | C42: =_xll.RasRatio(A6,$C$37,$C$37,"EBITDA","XI_29","LOCAL",,FALSE(),"AC",,1000000) -> 4.8559399 | D42: =_xll.RasRatio(A6,$D$37,$D$37,"EBITDA","XI_29","LOCAL",,FALSE(),"AC",,1000000) -> 5.5338041 | E42: =_xll.RasRatio(A6,$E$37,$E$37,"EBITDA","XI_29","LOCAL",,FALSE(),"AC",,1000000) -> 8.065346 | G42: =-_xll.RasRatio(A42,,$B$37,"Net Nakit",,,,,"C",,1000000) -> 0.275846 | H42: =G42/SUM(B42:E42) -> 0.014428486 | I42: =_xll.RasFinancial(A42,"2026/3M",2400,"XI_29","LOCAL",,FALSE(),"AC",,1000000) -> 989.7261
A43: AYDEM:IS | B43: =_xll.RasRatio(A8,$B$37,$B$37,"EBITDA","XI_29","LOCAL",,FALSE(),"AC",,1000000) -> 1375.8077 | C43: =_xll.RasRatio(A8,$C$37,$C$37,"EBITDA","XI_29","LOCAL",,FALSE(),"AC",,1000000) -> 747.27239 | D43: =_xll.RasRatio(A8,$D$37,$D$37,"EBITDA","XI_29","LOCAL",,FALSE(),"AC",,1000000) -> 1285.098 | E43: =_xll.RasRatio(A8,$E$37,$E$37,"EBITDA","XI_29","LOCAL",,FALSE(),"AC",,1000000) -> 1422.821 | G43: =-_xll.RasRatio(A43,,$B$37,"Net Nakit",,,,,"C",,1000000) -> 22053.575 | H43: =G43/SUM(B43:E43) -> 4.5650134 | I43: =_xll.RasFinancial(A43,"2026/3M",2400,"XI_29","LOCAL",,FALSE(),"AC",,1000000) -> 41071.171
A44: AYEN:IS | B44: =_xll.RasRatio(A9,$B$37,$B$37,"EBITDA","XI_29","LOCAL",,FALSE(),"AC",,1000000) -> 969.03823 | C44: =_xll.RasRatio(A9,$C$37,$C$37,"EBITDA","XI_29","LOCAL",,FALSE(),"AC",,1000000) -> 465.08856 | D44: =_xll.RasRatio(A9,$D$37,$D$37,"EBITDA","XI_29","LOCAL",,FALSE(),"AC",,1000000) -> 315.23853 | E44: =_xll.RasRatio(A9,$E$37,$E$37,"EBITDA","XI_29","LOCAL",,FALSE(),"AC",,1000000) -> 442.82166 | G44: =-_xll.RasRatio(A44,,$B$37,"Net Nakit",,,,,"C",,1000000) -> 6412.994 | H44: =G44/SUM(B44:E44) -> 2.9253864 | I44: =_xll.RasFinancial(A44,"2026/3M",2400,"XI_29","LOCAL",,FALSE(),"AC",,1000000) -> 19481.445
A45: BIGEN:IS | B45: =_xll.RasRatio(A10,$B$37,$B$37,"EBITDA","XI_29","LOCAL",,FALSE(),"AC",,1000000) -> 106.17904 | C45: =_xll.RasRatio(A10,$C$37,$C$37,"EBITDA","XI_29","LOCAL",,FALSE(),"AC",,1000000) -> 245.28142 | D45: =_xll.RasRatio(A10,$D$37,$D$37,"EBITDA","XI_29","LOCAL",,FALSE(),"AC",,1000000) -> 166.08169 | E45: =_xll.RasRatio(A10,$E$37,$E$37,"EBITDA","XI_29","LOCAL",,FALSE(),"AC",,1000000) -> 171.6617 | G45: =-_xll.RasRatio(A45,,$B$37,"Net Nakit",,,,,"C",,1000000) -> 3184.6634 | H45: =G45/SUM(B45:E45) -> 4.6207858 | I45: =_xll.RasFinancial(A45,"2026/3M",2400,"XI_29","LOCAL",,FALSE(),"AC",,1000000) -> 3343.455
A46: BIOEN:IS | B46: =_xll.RasRatio(A11,$B$37,$B$37,"EBITDA","XI_29","LOCAL",,FALSE(),"AC",,1000000) -> 12.270319 | C46: =_xll.RasRatio(A11,$C$37,$C$37,"EBITDA","XI_29","LOCAL",,FALSE(),"AC",,1000000) -> 42.205584 | D46: =_xll.RasRatio(A11,$D$37,$D$37,"EBITDA","XI_29","LOCAL",,FALSE(),"AC",,1000000) -> 90.896681 | E46: =_xll.RasRatio(A11,$E$37,$E$37,"EBITDA","XI_29","LOCAL",,FALSE(),"AC",,1000000) -> 103.1543 | G46: =-_xll.RasRatio(A46,,$B$37,"Net Nakit",,,,,"C",,1000000) -> 5733.8572 | H46: =G46/SUM(B46:E46) -> 23.071376 | I46: =_xll.RasFinancial(A46,"2026/3M",2400,"XI_29","LOCAL",,FALSE(),"AC",,1000000) -> 3274.8963
A47: CANTE:IS | B47: =_xll.RasRatio(A12,$B$37,$B$37,"EBITDA","XI_29","LOCAL",,FALSE(),"AC",,1000000) -> 655.93359 | C47: =_xll.RasRatio(A12,$C$37,$C$37,"EBITDA","XI_29","LOCAL",,FALSE(),"AC",,1000000) -> 409.33028 | D47: =_xll.RasRatio(A12,$D$37,$D$37,"EBITDA","XI_29","LOCAL",,FALSE(),"AC",,1000000) -> 596.50353 | E47: =_xll.RasRatio(A12,$E$37,$E$37,"EBITDA","XI_29","LOCAL",,FALSE(),"AC",,1000000) -> 449.70776 | G47: =-_xll.RasRatio(A47,,$B$37,"Net Nakit",,,,,"C",,1000000) -> -1468.7565 | H47: =G47/SUM(B47:E47) -> -0.69560679 | I47: =_xll.RasFinancial(A47,"2026/3M",2400,"XI_29","LOCAL",,FALSE(),"AC",,1000000) -> 32220.703
A48: CATES:IS | B48: =_xll.RasRatio(A13,$B$37,$B$37,"EBITDA","XI_29","LOCAL",,FALSE(),"AC",,1000000) -> -249.09332 | C48: =_xll.RasRatio(A13,$C$37,$C$37,"EBITDA","XI_29","LOCAL",,FALSE(),"AC",,1000000) -> 152.94466 | D48: =_xll.RasRatio(A13,$D$37,$D$37,"EBITDA","XI_29","LOCAL",,FALSE(),"AC",,1000000) -> 401.38737 | E48: =_xll.RasRatio(A13,$E$37,$E$37,"EBITDA","XI_29","LOCAL",,FALSE(),"AC",,1000000) -> 80.656349 | G48: =-_xll.RasRatio(A48,,$B$37,"Net Nakit",,,,,"C",,1000000) -> -896.75339 | H48: =G48/SUM(B48:E48) -> -2.3238271 | I48: =_xll.RasFinancial(A48,"2026/3M",2400,"XI_29","LOCAL",,FALSE(),"AC",,1000000) -> 13276.709
A49: CONSE:IS | B49: =_xll.RasRatio(A14,$B$37,$B$37,"EBITDA","XI_29","LOCAL",,FALSE(),"AC",,1000000) -> 57.662739 | C49: =_xll.RasRatio(A14,$C$37,$C$37,"EBITDA","XI_29","LOCAL",,FALSE(),"AC",,1000000) -> 97.275043 | D49: =_xll.RasRatio(A14,$D$37,$D$37,"EBITDA","XI_29","LOCAL",,FALSE(),"AC",,1000000) -> 89.125369 | E49: =_xll.RasRatio(A14,$E$37,$E$37,"EBITDA","XI_29","LOCAL",,FALSE(),"AC",,1000000) -> 106.02484 | G49: =-_xll.RasRatio(A49,,$B$37,"Net Nakit",,,,,"C",,1000000) -> 3913.3189 | H49: =G49/SUM(B49:E49) -> 11.178101 | I49: =_xll.RasFinancial(A49,"2026/3M",2400,"XI_29","LOCAL",,FALSE(),"AC",,1000000) -> 2847.7185
A50: ECOGR:IS | B50: =_xll.RasRatio(A16,$B$37,$B$37,"EBITDA","XI_29","LOCAL",,FALSE(),"AC",,1000000) -> 450.51274 | C50: =_xll.RasRatio(A16,$C$37,$C$37,"EBITDA","XI_29","LOCAL",,FALSE(),"AC",,1000000) -> 995.25667 | D50: =_xll.RasRatio(A16,$D$37,$D$37,"EBITDA","XI_29","LOCAL",,FALSE(),"AC",,1000000) -> 31.850701 | E50: =_xll.RasRatio(A16,$E$37,$E$37,"EBITDA","XI_29","LOCAL",,FALSE(),"AC",,1000000) -> 432.90224 | G50: =-_xll.RasRatio(A50,,$B$37,"Net Nakit",,,,,"C",,1000000) -> 8256.1982 | H50: =G50/SUM(B50:E50) -> 4.321435 | I50: =_xll.RasFinancial(A50,"2026/3M",2400,"XI_29","LOCAL",,FALSE(),"AC",,1000000) -> 18418.307
A51: ENDAE:IS | B51: =_xll.RasRatio(A17,$B$37,$B$37,"EBITDA","XI_29","LOCAL",,FALSE(),"AC",,1000000) -> 272.87903 | C51: =_xll.RasRatio(A17,$C$37,$C$37,"EBITDA","XI_29","LOCAL",,FALSE(),"AC",,1000000) -> 88.008239 | D51: =_xll.RasRatio(A17,$D$37,$D$37,"EBITDA","XI_29","LOCAL",,FALSE(),"AC",,1000000) -> 89.289216 | E51: =_xll.RasRatio(A17,$E$37,$E$37,"EBITDA","XI_29","LOCAL",,FALSE(),"AC",,1000000) -> 123.09478 | G51: =-_xll.RasRatio(A51,,$B$37,"Net Nakit",,,,,"C",,1000000) -> -1478.3514 | H51: =G51/SUM(B51:E51) -> -2.5787991 | I51: =_xll.RasFinancial(A51,"2026/3M",2400,"XI_29","LOCAL",,FALSE(),"AC",,1000000) -> 15692.063
A52: ENTRA:IS | B52: =_xll.RasRatio(A18,$B$37,$B$37,"EBITDA","XI_29","LOCAL",,FALSE(),"AC",,1000000) -> 620.352 | C52: =_xll.RasRatio(A18,$C$37,$C$37,"EBITDA","XI_29","LOCAL",,FALSE(),"AC",,1000000) -> 412.90805 | D52: =_xll.RasRatio(A18,$D$37,$D$37,"EBITDA","XI_29","LOCAL",,FALSE(),"AC",,1000000) -> 573.744 | E52: =_xll.RasRatio(A18,$E$37,$E$37,"EBITDA","XI_29","LOCAL",,FALSE(),"AC",,1000000) -> 1298.865 | G52: =-_xll.RasRatio(A52,,$B$37,"Net Nakit",,,,,"C",,1000000) -> 11618.956 | H52: =G52/SUM(B52:E52) -> 3.9984445 | I52: =_xll.RasFinancial(A52,"2026/3M",2400,"XI_29","LOCAL",,FALSE(),"AC",,1000000) -> 38509.459
A53: GWIND:IS | B53: =_xll.RasRatio(A19,$B$37,$B$37,"EBITDA","XI_29","LOCAL",,FALSE(),"AC",,1000000) -> 456.66649 | C53: =_xll.RasRatio(A19,$C$37,$C$37,"EBITDA","XI_29","LOCAL",,FALSE(),"AC",,1000000) -> 380.02107 | D53: =_xll.RasRatio(A19,$D$37,$D$37,"EBITDA","XI_29","LOCAL",,FALSE(),"AC",,1000000) -> 663.81167 | E53: =_xll.RasRatio(A19,$E$37,$E$37,"EBITDA","XI_29","LOCAL",,FALSE(),"AC",,1000000) -> 417.93426 | G53: =-_xll.RasRatio(A53,,$B$37,"Net Nakit",,,,,"C",,1000000) -> 1593.2409 | H53: =G53/SUM(B53:E53) -> 0.83049054 | I53: =_xll.RasFinancial(A53,"2026/3M",2400,"XI_29","LOCAL",,FALSE(),"AC",,1000000) -> 15688.842
A54: IZENR:IS | B54: =_xll.RasRatio(A21,$B$37,$B$37,"EBITDA","XI_29","LOCAL",,FALSE(),"AC",,1000000) -> 177.61885 | C54: =_xll.RasRatio(A21,$C$37,$C$37,"EBITDA","XI_29","LOCAL",,FALSE(),"AC",,1000000) -> 579.86438 | D54: =_xll.RasRatio(A21,$D$37,$D$37,"EBITDA","XI_29","LOCAL",,FALSE(),"AC",,1000000) -> 889.71205 | E54: =_xll.RasRatio(A21,$E$37,$E$37,"EBITDA","XI_29","LOCAL",,FALSE(),"AC",,1000000) -> 88.271125 | G54: =-_xll.RasRatio(A54,,$B$37,"Net Nakit",,,,,"C",,1000000) -> 325.04677 | H54: =G54/SUM(B54:E54) -> 0.18729649 | I54: =_xll.RasFinancial(A54,"2026/3M",2400,"XI_29","LOCAL",,FALSE(),"AC",,1000000) -> 18078.434
A55: LYDYE:IS | B55: =_xll.RasRatio(A22,$B$37,$B$37,"EBITDA","XI_29","LOCAL",,FALSE(),"AC",,1000000) -> 1.016314 | C55: =_xll.RasRatio(A22,$C$37,$C$37,"EBITDA","XI_29","LOCAL",,FALSE(),"AC",,1000000) -> 1.9568348 | D55: =_xll.RasRatio(A22,$D$37,$D$37,"EBITDA","XI_29","LOCAL",,FALSE(),"AC",,1000000) -> 5.8135914 | E55: =_xll.RasRatio(A22,$E$37,$E$37,"EBITDA","XI_29","LOCAL",,FALSE(),"AC",,1000000) -> 8.3679211 | G55: =-_xll.RasRatio(A55,,$B$37,"Net Nakit",,,,,"C",,1000000) -> -25.327874 | H55: =G55/SUM(B55:E55) -> -1.4764427 | I55: =_xll.RasFinancial(A55,"2026/3M",2400,"XI_29","LOCAL",,FALSE(),"AC",,1000000) -> 3279.5417
A56: MOGAN:IS | B56: =_xll.RasRatio(A23,$B$37,$B$37,"EBITDA","XI_29","LOCAL",,FALSE(),"AC",,1000000) -> 2285.102 | C56: =_xll.RasRatio(A23,$C$37,$C$37,"EBITDA","XI_29","LOCAL",,FALSE(),"AC",,1000000) -> 1818.3202 | D56: =_xll.RasRatio(A23,$D$37,$D$37,"EBITDA","XI_29","LOCAL",,FALSE(),"AC",,1000000) -> 1338.0523 | E56: =_xll.RasRatio(A23,$E$37,$E$37,"EBITDA","XI_29","LOCAL",,FALSE(),"AC",,1000000) -> 1617.1563 | G56: =-_xll.RasRatio(A56,,$B$37,"Net Nakit",,,,,"C",,1000000) -> 30095.211 | H56: =G56/SUM(B56:E56) -> 4.2636047 | I56: =_xll.RasFinancial(A56,"2026/3M",2400,"XI_29","LOCAL",,FALSE(),"AC",,1000000) -> 97804.496
A57: PAMEL:IS | B57: =_xll.RasRatio(A25,$B$37,$B$37,"EBITDA","XI_29","LOCAL",,FALSE(),"AC",,1000000) -> -5.333581 | C57: =_xll.RasRatio(A25,$C$37,$C$37,"EBITDA","XI_29","LOCAL",,FALSE(),"AC",,1000000) -> -2.7692475 | D57: =_xll.RasRatio(A25,$D$37,$D$37,"EBITDA","XI_29","LOCAL",,FALSE(),"AC",,1000000) -> 6.235266 | E57: =_xll.RasRatio(A25,$E$37,$E$37,"EBITDA","XI_29","LOCAL",,FALSE(),"AC",,1000000) -> 10.946608 | G57: =-_xll.RasRatio(A57,,$B$37,"Net Nakit",,,,,"C",,1000000) -> -4.121764 | H57: =G57/SUM(B57:E57) -> -0.45398649 | I57: =_xll.RasFinancial(A57,"2026/3M",2400,"XI_29","LOCAL",,FALSE(),"AC",,1000000) -> 666.08808
A58: TATEN:IS | B58: =_xll.RasRatio(A27,$B$37,$B$37,"EBITDA","XI_29","LOCAL",,FALSE(),"AC",,1000000) -> 437.20143 | C58: =_xll.RasRatio(A27,$C$37,$C$37,"EBITDA","XI_29","LOCAL",,FALSE(),"AC",,1000000) -> 283.84 | D58: =_xll.RasRatio(A27,$D$37,$D$37,"EBITDA","XI_29","LOCAL",,FALSE(),"AC",,1000000) -> 558.32443 | E58: =_xll.RasRatio(A27,$E$37,$E$37,"EBITDA","XI_29","LOCAL",,FALSE(),"AC",,1000000) -> 366.35173 | G58: =-_xll.RasRatio(A58,,$B$37,"Net Nakit",,,,,"C",,1000000) -> 6973.4525 | H58: =G58/SUM(B58:E58) -> 4.2373324 | I58: =_xll.RasFinancial(A58,"2026/3M",2400,"XI_29","LOCAL",,FALSE(),"AC",,1000000) -> 8297.3696
A59: ZEDUR:IS | B59: =_xll.RasRatio(A28,$B$37,$B$37,"EBITDA","XI_29","LOCAL",,FALSE(),"AC",,1000000) -> -0.799583 | C59: =_xll.RasRatio(A28,$C$37,$C$37,"EBITDA","XI_29","LOCAL",,FALSE(),"AC",,1000000) -> -11.243772 | D59: =_xll.RasRatio(A28,$D$37,$D$37,"EBITDA","XI_29","LOCAL",,FALSE(),"AC",,1000000) -> 17.115661 | E59: =_xll.RasRatio(A28,$E$37,$E$37,"EBITDA","XI_29","LOCAL",,FALSE(),"AC",,1000000) -> 16.866127 | G59: =-_xll.RasRatio(A59,,$B$37,"Net Nakit",,,,,"C",,1000000) -> 463.82712 | H59: =G59/SUM(B59:E59) -> 21.142217 | I59: =_xll.RasFinancial(A59,"2026/3M",2400,"XI_29","LOCAL",,FALSE(),"AC",,1000000) -> 2447.6037
A60: ZOREN:IS | B60: =_xll.RasRatio(A29,$B$37,$B$37,"EBITDA","XI_29","LOCAL",,FALSE(),"AC",,1000000) -> 946.294 | C60: =_xll.RasRatio(A29,$C$37,$C$37,"EBITDA","XI_29","LOCAL",,FALSE(),"AC",,1000000) -> -8.0599456 | D60: =_xll.RasRatio(A29,$D$37,$D$37,"EBITDA","XI_29","LOCAL",,FALSE(),"AC",,1000000) -> 3592.654 | E60: =_xll.RasRatio(A29,$E$37,$E$37,"EBITDA","XI_29","LOCAL",,FALSE(),"AC",,1000000) -> 1630.984 | G60: =-_xll.RasRatio(A60,,$B$37,"Net Nakit",,,,,"C",,1000000) -> 55179.191 | H60: =G60/SUM(B60:E60) -> 8.9549394 | I60: =_xll.RasFinancial(A60,"2026/3M",2400,"XI_29","LOCAL",,FALSE(),"AC",,1000000) -> 61080.041

Sheet ELEKTRİK verileri
A1: Mwh üretim | B1: 1Q25 | C1: 2Q25 | D1: 3Q25 | E1: 4Q25 | F1: 1Q26 | G1: 2Q26
A2: Doğalgaz | B2: 20947165 | C2: 12220441 | D2: 23756049 | E2: 21440711 | F2: 12712375 | G2: 7337652.5
A3: Barajlı | B3: 10582363 | C3: 12191756 | D3: 10859817 | E3: 7743441.8 | F3: 16740874 | G3: 25603665
A4: Linyit | B4: 8987910.3 | C4: 8995259.3 | D4: 10452822 | E4: 10424847 | F4: 9475904.5 | G4: 8690906
A5: Akarsu | B5: 3750644.4 | C5: 7283644.8 | D5: 2543309.8 | E5: 2260629.3 | F5: 6269044.5 | G5: 8208168.5
A6: İthal Kömür | B6: 19641395 | C6: 14251331 | D6: 21191763 | E6: 21028349 | F6: 17066861 | G6: 6700763.4
A7: Rüzgar | B7: 9314261.5 | C7: 9380815.4 | D7: 11884244 | E7: 8666695.3 | F7: 12870144 | G7: 8401529.1
A8: Güneş | B8: 1294755.7 | C8: 2307056.6 | D8: 2682436.9 | E8: 1448491.8 | F8: 1349259.5 | G8: 2249673.4
A9: Fuel Oil | B9: 184117.19 | C9: 192025.53 | D9: 194897.9 | E9: 185759.2 | F9: 182468.41 | G9: 178303.4
A10: Jeotermal | B10: 2887915.8 | C10: 2572268.9 | D10: 2336947 | E10: 2850593.1 | F10: 2842539.6 | G10: 2584530.2
A11: Asfaltit Kömür | B11: 423939.03 | C11: 333361.71 | D11: 576334.16 | E11: 556916.17 | F11: 452054.26 | G11: 427675.46
A12: Taş Kömür | B12: 1104431.1 | C12: 1097623.7 | D12: 1197458.3 | E12: 1141455.4 | F12: 991856.29 | G12: 1017904.3
A13: Biyokütle | B13: 2126655.6 | C13: 2066677.9 | D13: 2048066.6 | E13: 2161695 | F13: 2020109.1 | G13: 1920635.2
... A18: Toplam | B18: 80288430 | C18: 73240681 | D18: 89349551 | E18: 79600419 | F18: 82335949 | G18: 72864456
A20: tüketim mwh | B20: 1Q25 | C20: 2Q25 | D20: 3Q25 | E20: 4Q25 | F20: 1Q26 | G20: 2Q26
B21: 85,439,509.18 | C21: 82,538,168.01 | D21: 99,322,757.51 | E21: 83,355,495.20 | F21: 80,505,466.25 | G21: 83,244,799.25

Sheet SONUÇ
C1: 2305
A2: CANTE | C2: Çan2 Termik Santrali (MWh) | E2: Faaliyet Rapor Üretim Verisi (MWh) | F2: Yıllık Bazda Sapma Oranı | G2: PTF Ağırlıklı Ort (MWh/TL) | H2: Aylık Ort Dolar Kuru | I2: PTF Ağırlıklı Ort (MWh/USD) | J2: PTF Ağırlıklı Ort Ciro Tahmin(Milyon TL) | L2: Ciro (Milyon TL) | M2: Ciro Sapma | N2: Ciro EM Hariç (Milyon TL) | O2: Ciro EM Hariç Sapma | P2: Ortalama Ciro Sapma Oranı | Q2: Ortalama EM Hariç Ciro Sapma Oranı | R2: Ciro Tahmini (Milyon TL) | S2: EM Hariç Ciro Tahmini (Milyon TL) | T2: COGS (Milyon TL) | U2: EM Hariç COGS (Milyon TL) | V2: Average COGS per Unit | W2: Gross Profit (Milyon TL)
A3: 2025/1Q | B3: 45658 | C3: 162833 | G3: 2537.99 | H3: 35.48 | I3: =G3/H3 -> 71.532976 | J3: =C3*G3/1000000 -> 413.26853
B4: 45689 | C4: 67265 | G4: 2506.77 | H4: 36.12 | I4: =G4/H4 -> 69.401163 | J4: =C4*G4/1000000 -> 168.61788
B5: 45717 | C5: 68555 | D5: =SUM(C3:C5) -> 298653 | G5: 2207.18 | H5: 37.04 | I5: =G5/H5 -> 59.589093 | J5: =C5*G5/1000000 -> 151.31322 | K5: =SUM(J3:J5) -> 733.19963 | L5: =_xll.RasFinancial($A$2,A3,3120,"XI_29","LOCAL",,FALSE(),"AC",,1000000) -> 1277.8219 | M5: =(K5/L5)-1 -> -0.42621141 | N5: =_xll.RasFinancial($A$2,"2025/3M",3120,"XI_29","LOCAL",,FALSE(),"ACO",,1000000) -> 976.42138 | O5: =(K5/N5)-1 -> -0.24909506 | T5: =-_xll.RasFinancial($A$2,A3,999010002,"IND_INT_DTL","LOCAL",,FALSE(),"AC",,1000000) -> 1219.6552 | U5: =-_xll.RasFinancial($A$2,"2025/3M",999010002,"IND_INT_DTL","LOCAL",,FALSE(),"ACO",,1000000) -> 931.97452 | V5: =T5/N5 -> 1.2491075 | W5: =L5-T5 -> 58.166667
A6: 2025/2Q | B6: 45748 | C6: 147924 | G6: 2489.25 | H6: 38.05 | I6: =G6/H6 -> 65.420499 | J6: =C6*G6/1000000 -> 368.21982
B7: 45778 | C7: 197461 | G7: 2474.98 | H7: 38.72 | I7: =G7/H7 -> 63.919938 | J7: =C7*G7/1000000 -> 488.71203
B8: 45809 | C8: 151960 | D8: =SUM(C6:C8) -> 497345 | G8: 2240.61 | H8: 39.37 | I8: =G8/H8 -> 56.911608 | J8: =C8*G8/1000000 -> 340.4831 | K8: =SUM(J6:J8) -> 1197.4149 | L8: =_xll.RasFinancial($A$2,A6,3120,"XI_29","LOCAL",,FALSE(),"AC",,1000000) -> 1516.4794 | M8: =(K8/L8)-1 -> -0.21039816 | N8: =(_xll.RasFinancial($A$2,"2025/6M",3120,"XI_29","LOCAL",,FALSE(),"ACO",,1000000))-N5 -> 1575.1303 | O8: =(K8/N8)-1 -> -0.23979945 | T8: =-_xll.RasFinancial($A$2,A6,999010002,"IND_INT_DTL","LOCAL",,FALSE(),"AC",,1000000) -> 1404.8627 | U8: =(-_xll.RasFinancial($A$2,"2025/6M",999010002,"IND_INT_DTL","LOCAL",,FALSE(),"ACO",,1000000)-U5) -> 1460.8438 | V8: =T8/N8 -> 0.8919025 | W8: =L8-T8 -> 111.61674
A9: 2025/3Q | B9: 45839 | C9: 169962 | G9: 2981.73 | H9: 40.14 | I9: =G9/H9 -> 74.283259 | J9: =C9*G9/1000000 -> 506.78079
B10: 45870 | C10: 197461 | G10: 2952.26 | H10: 40.75 | I10: =G10/H10 -> 72.448098 | J10: =C10*G10/1000000 -> 582.95621
B11: 45901 | C11: 154376 | D11: =SUM(C9:C11) -> 521799 | G11: 2765.58 | H11: 41.24 | I11: =G11/H11 -> 67.060621 | J11: =C11*G11/1000000 -> 426.93918 | K11: =SUM(J9:J11) -> 1516.6762 | L11: =_xll.RasFinancial($A$2,A9,3120,"XI_29","LOCAL",,FALSE(),"AC",,1000000) -> 1821.9636 | M11: =(K11/L11)-1 -> -0.16755955 | N11: =_xll.RasFinancial($A$2,"2025/9M",3120,"XI_29","LOCAL",,FALSE(),"ACO",,1000000)-N8-N5 -> 2013.4418 | O11: =(K11/N11)-1 -> -0.24672458 | T11: =-_xll.RasFinancial($A$2,A9,999010002,"IND_INT_DTL","LOCAL",,FALSE(),"AC",,1000000) -> 1664.3239 | U11: =(-_xll.RasFinancial($A$2,"2025/9M",999010002,"IND_INT_DTL","LOCAL",,FALSE(),"ACO",,1000000)-U8-U5) -> 1843.8901 | V11: =T11/N11 -> 0.82660642 | W11: =L11-T11 -> 157.63968
A12: 2025/4Q | B12: 45931 | C12: 168815 | G12: 2764.54 | H12: 41.75 | I12: =G12/H12 -> 66.216527 | J12: =C12*G12/1000000 -> 466.69582
B13: 45962 | C13: 10617 | G13: 2814.97 | H13: 42.2 | I13: =G13/H13 -> 66.70545 | J13: =C13*G13/1000000 -> 29.886536
B14: 45992 | C14: 215921 | D14: =SUM(C12:C14) -> 395353 | E14: 1675000 | F14: =((D5+D8+D11+D14)/E14)-1 -> 0.022776119 | G14: 3005.44 | H14: 42.61 | I14: =G14/H14 -> 70.533678 | J14: =C14*G14/1000000 -> 648.93761 | K14: =SUM(J12:J14) -> 1145.52 | L14: =_xll.RasFinancial($A$2,$A$12,3120,"XI_29","LOCAL",,FALSE(),"AC",,1000000) -> 1396.2827 | M14: =(K14/L14)-1 -> -0.17959309 | N14: =_xll.RasFinancial($A$2,A12,3120,"XI_29","LOCAL",,FALSE(),"ACO",,1000000) -> 1396.2827 | O14: =(K14/N14)-1 -> -0.17959309 | P14: =(M5+M8+M11+M14)/4 -> -0.24594055 | Q14: =(O5+O8+O11+O14)/4 -> -0.22880305 | T14: =-_xll.RasFinancial($A$2,A12,999010002,"IND_INT_DTL","LOCAL",,FALSE(),"AC",,1000000) -> 1352.5447 | U14: =-_xll.RasFinancial($A$2,A12,999010002,"IND_INT_DTL","LOCAL",,FALSE(),"ACO",,1000000) -> 1352.5447 | V14: =T14/N14 -> 0.96867544 | W14: =L14-T14 -> 43.737945
A15: 2026/1Q | B15: 46023 | C15: 199832 | G15: 2929.4 | H15: 43.14 | I15: =G15/H15 -> 67.904497 | J15: =C15*G15/1000000 -> 585.38786
B16: 46054 | C16: 160326 | G16: 2141.92 | H16: 43.61 | I16: =G16/H16 -> 49.115341 | J16: =C16*G16/1000000 -> 343.40547
B17: 46082 | C17: 182527 | D17: =SUM(C15:C17) -> 542685 | G17: 1726.85 | H17: 44.1 | I17: =G17/H17 -> 39.157596 | J17: =C17*G17/1000000 -> 315.19675 | K17: =SUM(J15:J17) -> 1243.9901 | R17: =K17/(1+P14) -> 1649.7241 | S17: =K17/(1+Q14) -> 1613.064 | T17: =R17*V17 -> 1623.4489 | V17: =(V5+V8+V14+V11)/4 -> 0.98407296 | W17: =R17-T17 -> 26.275228
C19: 688
A20: CATES | C20: Çatalağzı Termik Santrali | E20: Faaliyet Rapor Üretim Verisi (MWh) | F20: Yıllık Bazda Sapma Oranı | G20: PTF Ağırlıklı Ort (MWh/TL) | H20: Aylık Ort Dolar Kuru | I20: PTF Ağırlıklı Ort (MWh/USD) | J20: PTF Ağırlıklı Ort Ciro Tahmin(Milyon TL) | L20: Ciro (Milyon TL) | M20: Ciro Sapma | N20: Ciro EM Hariç (Milyon TL) | O20: Ciro EM Hariç Sapma | P20: Ortalama Ciro Sapma Oranı | Q20: Ortalama EM Hariç Ciro Sapma Oranı | R20: Ciro Tahmini (Milyon TL) | S20: EM Hariç Ciro Tahmini (Milyon TL) | T20: COGS (Milyon TL) | U20: EM Hariç COGS (Milyon TL) | V20: Average COGS per Unit | W20: Gross Profit (Milyon TL)
A21: 2025/1Q | B21: 45658 | C21: 183193 | G21: 2537.99 | H21: 35.48 | I21: =G21/H21 -> 71.532976 | J21: =C21*G21/1000000 -> 464.942
B22: 45689 | C22: 143519 | G22: 2506.77 | H22: 36.12 | I22: =G22/H22 -> 69.401163 | J22: =C22*G22/1000000 -> 359.76912
B23: 45717 | C23: 141519 | D23: =SUM(C21:C23) -> 468231 | G23: 2207.18 | H23: 37.04 | I23: =G23/H23 -> 59.589093 | J23: =C23*G23/1000000 -> 312.35791 | K23: =SUM(J21:J23) -> 1137.069 | L23: =_xll.RasFinancial($A$20,A21,3120,"XI_29","LOCAL",,FALSE(),"AC",,1000000) -> 1663.1871 | M23: =(K23/L23)-1 -> -0.31633128 | N23: =_xll.RasFinancial($A$20,"2025/3M",3120,"XI_29","LOCAL",,FALSE(),"ACO",,1000000) -> 1270.8903 | O23: =(K23/N23)-1 -> -0.10529727 | T23: =-_xll.RasFinancial($A$20,A21,999010002,"IND_INT_DTL","LOCAL",,FALSE(),"AC",,1000000) -> 1526.2361 | U23: =-_xll.RasFinancial(A20,"2025/3M",999010002,"IND_INT_DTL","LOCAL",,FALSE(),"ACO",,1000000) -> 1166.242 | V23: =T23/N23 -> 1.2009188 | W23: =L23-T23 -> 136.95101
A24: 2025/2Q | B24: 45748 | C24: 109988 | G24: 2489.25 | H24: 38.05 | I24: =G24/H24 -> 65.420499 | J24: =C24*G24/1000000 -> 273.78763
B25: 45778 | C25: 193369 | G25: 2474.98 | H25: 38.72 | I25: =G25/H25 -> 63.919938 | J25: =C25*G25/1000000 -> 478.58441
B26: 45809 | C26: 151062 | D26: =SUM(C24:C26) -> 454419 | G26: 2240.61 | H26: 39.37 | I26: =G26/H26 -> 56.911608 | J26: =C26*G26/1000000 -> 338.47103 | K26: =SUM(J24:J26) -> 1090.8431 | L26: =_xll.RasFinancial($A$20,A24,3120,"XI_29","LOCAL",,FALSE(),"AC",,1000000) -> 1262.5147 | M26: =(K26/L26)-1 -> -0.13597595 | N26: =(_xll.RasFinancial($A$20,"2025/6M",3120,"XI_29","LOCAL",,FALSE(),"ACO",,1000000))-N23 -> 1338.8535 | O26: =(K26/N26)-1 -> -0.18524094 | T26: =-_xll.RasFinancial($A$20,A24,999010002,"IND_INT_DTL","LOCAL",,FALSE(),"AC",,1000000) -> 1236.2382 | U26: =(-_xll.RasFinancial($A$20,"2025/6M",999010002,"IND_INT_DTL","LOCAL",,FALSE(),"ACO",,1000000)-U23) -> 1306.2911 | V26: =T26/N26 -> 0.92335583 | W26: =L26-T26 -> 26.276479
A27: 2025/3Q | B27: 45839 | C27: 188065 | G27: 2981.73 | H27: 40.14 | I27: =G27/H27 -> 74.283259 | J27: =C27*G27/1000000 -> 560.75905
B28: 45870 | C28: 210270 | G28: 2952.26 | H28: 40.75 | I28: =G28/H28 -> 72.448098 | J28: =C28*G28/1000000 -> 620.77171
B29: 45901 | C29: 182893 | D29: =SUM(C27:C29) -> 581228 | G29: 2765.58 | H29: 41.24 | I29: =G29/H29 -> 67.060621 | J29: =C29*G29/1000000 -> 505.80522 | K29: =SUM(J27:J29) -> 1687.336 | L29: =_xll.RasFinancial($A$20,A27,3120,"XI_29","LOCAL",,FALSE(),"AC",,1000000) -> 1815.6112 | M29: =(K29/L29)-1 -> -0.070651273 | N29: =_xll.RasFinancial(A20,"2025/9M",3120,"XI_29","LOCAL",,FALSE(),"ACO",,1000000)-N26-N23 -> 2011.4564 | O29: =(K29/N29)-1 -> -0.16113717 | T29: =-_xll.RasFinancial($A$20,A27,999010002,"IND_INT_DTL","LOCAL",,FALSE(),"AC",,1000000) -> 1456.9503 | U29: =(-_xll.RasFinancial($A$20,"2025/9M",999010002,"IND_INT_DTL","LOCAL",,FALSE(),"ACO",,1000000)-U26-U23) -> 1642.4986 | V29: =T29/N29 -> 0.72432607 | W29: =L29-T29 -> 358.66093
A30: 2025/4Q | B30: 45931 | C30: 173700 | G30: 2764.54 | H30: 41.75 | I30: =G30/H30 -> 66.216527 | J30: =C30*G30/1000000 -> 480.2006
B31: 45962 | C31: 173792 | G31: 2814.97 | H31: 42.2 | I31: =G31/H31 -> 66.70545 | J31: =C31*G31/1000000 -> 489.21927
B32: 45992 | C32: 182006 | D32: =SUM(C30:C32) -> 529498 | E32: 2034000 | F32: =((D23+D26+D29+D32)/E32)-1 -> -0.00030678466 | G32: 3005.44 | H32: 42.61 | I32: =G32/H32 -> 70.533678 | J32: =C32*G32/1000000 -> 547.00811 | K32: =SUM(J30:J32) -> 1516.428 | L32: =_xll.RasFinancial($A$20,A30,3120,"XI_29","LOCAL",,FALSE(),"AC",,1000000) -> 1677.2904 | M32: =(K32/L32)-1 -> -0.095906141 | N32: =_xll.RasFinancial($A$20,A30,3120,"XI_29","LOCAL",,FALSE(),"ACO",,1000000) -> 1677.2904 | O32: =(K32/N32)-1 -> -0.095906141 | P32: =(M23+M26+M29+M32)/4 -> -0.15471616 | Q32: =(O23+O26+O29+O32)/4 -> -0.13689538 | T32: =-_xll.RasFinancial($A$20,A30,999010002,"IND_INT_DTL","LOCAL",,FALSE(),"AC",,1000000) -> 1571.2469 | U32: =-_xll.RasFinancial($A$20,A12,999010002,"IND_INT_DTL","LOCAL",,FALSE(),"ACO",,1000000) -> 1571.2469 | V32: =T32/N32 -> 0.93677688 | W32: =L32-T32 -> 106.04354
A33: 2026/1Q | B33: 46023 | C33: 107354 | G33: 2929.4 | H33: 43.14 | I33: =G33/H33 -> 67.904497 | J33: =C33*G33/1000000 -> 314.48281
B34: 46054 | C34: 142725 | G34: 2141.92 | H34: 43.61 | I34: =G34/H34 -> 49.115341 | J34: =C34*G34/1000000 -> 305.70553
B35: 46082 | C35: 110529 | D35: =SUM(C33:C35) -> 360608 | G35: 1726.85 | H35: 44.1 | I35: =G35/H35 -> 39.157596 | J35: =C35*G35/1000000 -> 190.867 | K35: =SUM(J33:J35) -> 811.05534 | R35: =K35/(1+P32) -> 959.50651 | S35: =K35/(1+Q32) -> 939.69529 | T35: =R35*V35 -> 908.02362 | V35: =(V23+V26+V32+V29)/4 -> 0.94634441 | W35: =R35-T35 -> 51.482891
C37: 1673 | D37: 1011 | E37: 3125 | F37: 652 | G37: 1217 | H37: 1189 | I37: 1798 | J37: 1797 | K37: 1519
A38: AKENR | C38: Erzin DGKÇS | D38: Bulam HES | E38: Burç Bendi HES | F38: Uluabat HES | G38: Feke I HES | H38: Feke II HES | I38: Gökkaya HES | J38: Himmetli HES | K38: Ayyıldız RES | M38: Faaliyet Rapor Üretim Verisi (MWh) | N38: Yıllık Bazda Sapma Oranı | O38: PTF Ağırlıklı Ort (MWh/TL) | P38: Aylık Ort Dolar Kuru | Q38: PTF Ağırlıklı Ort (MWh/USD) | R38: Ciro Tahmini (PTF ve YEKDEM) (Milyon TL) | T38: Ciro (Milyon TL) | U38: Ciro Sapma | V38: Ciro EM Hariç (Milyon TL) | W38: Ciro EM Hariç Sapma | X38: Ortalama Ciro Sapma Oranı | Y38: Ortalama EM Hariç Ciro Sapma Oranı | Z38: Ciro Tahmini (Milyon TL) | AA38: EM Hariç Ciro Tahmini (Milyon TL)
A39: 2025/1Q | B39: 45658 | C39: 400037.23 | D39: 1165.21 | E39: 0 | F39: 8643.75 | G39: 3911 | H39: 4782.9 | I39: 3808 | J39: 3599 | K39: 6766.96 | O39: 2537.99 | P39: 35.48 | Q39: =O39/P39 -> 71.532976 | R39: =AKENR!G53/1000000 -> 1099.867
B40: 45689 | C40: 284543.7 | D40: 966.98 | E40: 0 | F40: 11619.11 | G40: 3502 | H40: 4555.27 | I40: 3718 | J40: 3254 | K40: 7403.36 | O40: 2506.77 | P40: 36.12 | Q40: =O40/P40 -> 69.401163 | R40: =AKENR!H53/1000000 -> 802.5566
B41: 45717 | C41: 251002.18 | D41: 1690.95 | E41: 2700.53 | F41: 5759.52 | G41: 4800 | H41: 5869.53 | I41: 4357.39 | J41: 4230.94 | K41: 7575.27 | L41: =SUM(C39:K41) -> 1040262.8 | O41: 2207.18 | P41: 37.04 | Q41: =O41/P41 -> 59.589093 | R41: =AKENR!I53/1000000 -> 637.46069 | S41: =SUM(R39:R41) -> 2539.8843 | T41: =_xll.RasFinancial($A$38,A39,3120,"XI_29","LOCAL",,FALSE(),"AC",,1000000) -> 6638.233 | U41: =(S41/T41)-1 -> -0.61738548 | V41: =_xll.RasFinancial($A$38,"2025/3M",3120,"XI_29","LOCAL",,FALSE(),"ACO",,1000000) -> 5072.563 | W41: =(S41/V41)-1 -> -0.49928974
A42: 2025/2Q | B42: 45748 | C42: 164507.24 | D42: 2822.49 | E42: 6169.64 | F42: 2251.75 | G42: 9506 | H42: 11286.68 | I42: 7472 | J42: 8393 | K42: 5934.37 | O42: 2489.25 | P42: 38.05 | Q42: =O42/P42 -> 65.420499 | R42: =AKENR!J53/1000000 -> 544.50354
B43: 45778 | C43: 130665.2 | D43: 2133.99 | E43: 3137.59 | F43: 13375.12 | G43: 6984 | H43: 8553.81 | I43: 6110 | J43: 6174 | K43: 4363.11 | O43: 2474.98 | P43: 38.72 | Q43: =O43/P43 -> 63.919938 | R43: =AKENR!K53/1000000 -> 449.97447
B44: 45809 | C44: 151221.43 | D44: 796.28 | E44: 1574.46 | F44: 6365.73 | G44: 4320 | H44: 3225.31 | I44: 4064 | J44: 3832 | K44: 5430.04 | L44: =SUM(C42:K44) -> 580669.24 | O44: 2240.61 | P44: 39.37 | Q44: =O44/P44 -> 56.911608 | R44: =AKENR!L53/1000000 -> 405.44115 | S44: =SUM(R42:R44) -> 1399.9192 | T44: =_xll.RasFinancial($A$38,A42,3120,"XI_29","LOCAL",,FALSE(),"AC",,1000000) -> 4175.49 | U44: =(S44/T44)-1 -> -0.66472937 | V44: =(_xll.RasFinancial($A$38,"2025/6M",3120,"XI_29","LOCAL",,FALSE(),"ACO",,1000000))-V41 -> 4480.185 | W44: =(S44/V44)-1 -> -0.68753095
A45: 2025/3Q | B45: 45839 | C45: 210865.88 | D45: 492.84 | E45: 1160.8 | F45: 7500.2 | G45: 3315 | H45: 5591.23 | I45: 3347 | J45: 2805.5 | K45: 8760.72 | O45: 2981.73 | P45: 40.14 | Q45: =O45/P45 -> 74.283259 | R45: =AKENR!M53/1000000 -> 727.81369
B46: 45870 | C46: 191539.2 | D46: 402.68 | E46: 630.31 | F46: 10145.38 | G46: 3089 | H46: 3548.36 | I46: 2882 | J46: 2600 | K46: 13264.23 | O46: 2952.26 | P46: 40.75 | Q46: =O46/P46 -> 72.448098 | R46: =AKENR!N53/1000000 -> 674.17522
B47: 45901 | C47: 363545.78 | D47: 358.14 | E47: 688.54 | F47: 1379.58 | G47: 2919 | H47: 3391.35 | I47: 2731 | J47: 2429 | K47: 8796.3 | L47: =SUM(C45:K47) -> 858179.02 | O47: 2765.58 | P47: 41.24 | Q47: =O47/P47 -> 67.060621 | R47: =AKENR!O53/1000000 -> 1069.2791 | S47: =SUM(R45:R47) -> 2471.268 | T47: =_xll.RasFinancial($A$38,A45,3120,"XI_29","LOCAL",,FALSE(),"AC",,1000000) -> 5169.265 | U47: =(S47/T47)-1 -> -0.52193049 | V47: =(_xll.RasFinancial($A$38,"2025/9M",3120,"XI_29","LOCAL",,FALSE(),"ACO",,1000000))-V44-V41 -> 5886.14 | W47: =(S47/V47)-1 -> -0.58015473
A48: 2025/4Q | B48: 45931 | C48: 398333.23 | D48: 497.97 | E48: 1063.72 | F48: 0 | G48: 3111 | H48: 2451.1 | I48: 2865 | J48: 2436.5 | K48: 4235.96 | O48: 2764.54 | P48: 41.75 | Q48: =O48/P48 -> 66.216527 | R48: =AKENR!P53/1000000 -> 1148.3686
B49: 45962 | C49: 337624.58 | D49: 546.92 | E49: 1263.52 | F49: 0 | G49: 3208 | H49: 5079.49 | I49: 2888 | J49: 2599 | K49: 5651.19 | O49: 2814.97 | P49: 42.2 | Q49: =O49/P49 -> 66.70545 | R49: =AKENR!Q53/1000000 -> 1011.4625
B50: 45992 | C50: 400834.83 | D50: 792.59 | E50: 1742.25 | F50: 3206.49 | G50: 3356 | H50: 3190.25 | I50: 3145 | J50: 2781 | K50: 4361.45 | L50: =SUM(C48:K50) -> 1197265 | M50: 3772753 | N50: =((L41+L44+L47+L50)/M50)-1 -> -0.025545515 | O50: 3005.44 | P50: 42.61 | Q50: =O50/P50 -> 70.533678 | R50: =AKENR!R53/1000000 -> 1273.7295 | S50: =SUM(R48:R50) -> 3433.5606 | T50: =_xll.RasFinancial($A$38,A48,3120,"XI_29","LOCAL",,FALSE(),"AC",,1000000) -> 6599.0797 | U50: =(S50/T50)-1 -> -0.479691 | V50: =(_xll.RasFinancial($A$38,"2025/12M",3120,"XI_29","LOCAL",,FALSE(),"ACO",,1000000))-V47-V44-V41 -> 7271.478 | W50: =(S50/V50)-1 -> -0.52780431 | X50: =(U41+U44+U47+U50)/4 -> -0.57093408 | Y50: =(W41+W44+W47+W50)/4 -> -0.57369493
A51: 2026/1Q | B51: 46023 | C51: 444596.71 | D51: 775.46 | E51: 3195.31 | F51: 32496.04 | G51: 4495 | H51: 6945.33 | I51: 3776 | J51: 3664.51 | K51: 11242.27 | O51: 2929.4 | P51: 43.14 | Q51: =O51/P51 -> 67.904497 | R51: =AKENR!S53/1000000 -> 1499.5762
B52: 46054 | C52: 113240.34 | D52: 3337.11 | E52: 14388.2 | F52: 53189.04 | G52: 13952 | H52: 32610.49 | I52: 14205.4 | J52: 14505 | K52: 7319.19 | O52: 2141.92 | P52: 43.61 | Q52: =O52/P52 -> 49.115341 | R52: =AKENR!T53/1000000 -> 572.21874
B53: 46082 | C53: 0 | D53: 3742.39 | E53: 13772.51 | F53: 56636.1 | G53: 15838 | H53: 28654.2 | I53: 16125 | J53: 16101 | K53: 7876.2 | L53: =SUM(C51:K53) -> 936678.8 | O53: 1726.85 | P53: 44.1 | Q53: =O53/P53 -> 39.157596 | R53: =AKENR!U53/1000000 -> 274.63637 | S53: =SUM(R51:R53) -> 2346.4313 | Z53: =S53/(1+X50) -> 5468.6966 | AA53: =S53/(1+Y50) -> 5504.1131
C55: 1479 | D55: 919 | E55: 920 | F55: 1186 | G55: 1465 | H55: 1364 | I55: 1461 | J55: 1634 | K55: 2168 | L55: 1666 | M55: 1678 | N55: 2204 | O55: 2108 | P55: 2321 | Q55: 2322 | R55: 2330 | S55: 2331 | T55: 2329 | U55: 2442 | V55: 3080 | W55: 2071 | X55: 2076 | Y55: 2397 | Z55: 2412 | AA55: 2448 | AB55: 2459
A56: AKFYE | C56: Sırma HES | D56: Çamlıca III HES | E56: Saraçbendi HES | F56: Otluca HES | G56: Demirciler HES | H56: Yağmur HES | I56: Kavakçalı HES | J56: Gelinkaya HES | K56: Doğançay HES | L56: Doruk HES | M56: Sekiyaka HES | N56: Çalıkobası HES | O56: Solentegre GES | P56: Omicron Engil208 GES | Q56: Omicron Erciş GES | R56: Me-Se GES | S56: MT GES | T56: Yaysun GES | U56: Psi Engil207 GES | V56: Fırıncı GES | W56: Sarıtepe RES (1) | X56: Demirciler RES (2) | Y56: Kocalar RES | Z56: Üçpınar RES | AA56: Hasanoba RES | AB56: Denizli RES | AD56: Faaliyet Rapor Üretim Verisi (MWh) | AE56: Yıllık Bazda Sapma Oranı | AF56: PTF Ağırlıklı Ort (MWh/TL) | AG56: Aylık Ort Dolar Kuru | AH56: PTF Ağırlıklı Ort (MWh/USD) | AI56: Ciro Tahmini (PTF ve YEKDEM) (Milyon TL) | AK56: Ciro (Milyon TL) | AL56: Ciro Sapma | AM56: Ciro EM Hariç (Milyon TL) | AN56: Ciro EM Hariç Sapma | AO56: Ortalama Ciro Sapma Oranı | AP56: Ortalama EM Hariç Ciro Sapma Oranı | AQ56: Ciro Tahmini (Milyon TL) | AR56: EM Hariç Ciro Tahmini (Milyon TL)
A57: 2025/1Q | B57: 45658 | C57: 0 | D57: 1971.1 | E57: 1613.17 | F57: 14670.3 | G57: 3735.32 | H57: 1047.4 | I57: 6379.1 | J57: 394.14 | K57: 4898.75 | L57: 223.48 | M57: 1923.85 | N57: 768.72 | O57: 435.79 | P57: 1514.1 | Q57: 1471.55 | R57: 1077.9 | S57: 1305.5 | T57: 1290.13 | U57: 1664.88 | V57: 952.62 | W57: 5634 | X57: 2902.99 | Y57: 9698.34 | Z57: 29300.83 | AA57: 11221.36 | AB57: 20394.19 | AF57: 2537.99 | AG57: 35.48 | AH57: =AF57/AG57 -> 71.532976 | AI57: =AKFYE!N104/1000000 -> 346.51036
B58: 45689 | C58: 0 | D58: 839.8 | E58: 1535.83 | F58: 5749.7 | G58: 1301.76 | H58: 809.78 | I58: 2185.46 | J58: 284.74 | K58: 2475.86 | L58: 180.18 | M58: 1570.54 | N58: 364.75 | O58: 281.02 | P58: 1145.68 | Q58: 1134.06 | R58: 1064.6 | S58: 1192.96 | T58: 1196.46 | U58: 1262.27 | V58: 1229.25 | W58: 5598.94 | X58: 1838.06 | Y58: 6391 | Z58: 21602.84 | AA58: 10386.83 | AB58: 19000.88 | AF58: 2506.77 | AG58: 36.12 | AH58: =AF58/AG58 -> 69.401163 | AI58: =AKFYE!O104/1000000 -> 255.26421
B59: 45717 | C59: 0 | D59: 1476.7 | E59: 5095.11 | F59: 11029.16 | G59: 709.99 | H59: 4544.73 | I59: 1441.23 | J59: 812.71 | K59: 3160.82 | L59: 8108.39 | M59: 1471.7 | N59: 6347.09 | O59: 1020.79 | P59: 1907.08 | Q59: 1863.18 | R59: 1715.8 | S59: 1741.12 | T59: 1720.82 | U59: 2021.63 | V59: 1728.95 | W59: 10566.6 | X59: 4596.94 | Y59: 11415.89 | Z59: 42499.56 | AA59: 14897.99 | AB59: 23676.19 | AC59: =SUM(C57:AB59) -> 382682.93 | AF59: 2207.18 | AG59: 37.04 | AH59: =AF59/AG59 -> 59.589093 | AI59: =AKFYE!P104/1000000 -> 459.61615 | AJ59: =SUM(AI57:AI59) -> 1061.3907 | AK59: =_xll.RasFinancial($A$56,A57,3120,"XI_29","LOCAL",,FALSE(),"AC",,1000000) -> 1523.789 | AL59: =(AJ59/AK59)-1 -> -0.30345295 | AM59: =_xll.RasFinancial($A$56,"2025/3M",3120,"XI_29","LOCAL",,FALSE(),"ACO",,1000000) -> 1164.394 | AN59: =(AJ59/AM59)-1 -> -0.088460841
A60: 2025/2Q | B60: 45748 | C60: 0 | D60: 1491.4 | E60: 11098.17 | F60: 14418.99 | G60: 2947.06 | H60: 5297.17 | I60: 3970.51 | J60: 3149.52 | K60: 7615.87 | L60: 16278.7 | M60: 1326.9 | N60: 7435.57 | O60: 1015.38 | P60: 1759.86 | Q60: 1693.46 | R60: 1612.8 | S60: 1850.5 | T60: 1826.81 | U60: 1481.15 | V60: 1689.42 | W60: 12493.32 | X60: 5550 | Y60: 7821.75 | Z60: 27865.92 | AA60: 10215.29 | AB60: 15002.71 | AF60: 2489.25 | AG60: 38.05 | AH60: =AF60/AG60 -> 65.420499 | AI60: =AKFYE!Q104/1000000 -> 473.94358
B61: 45778 | C61: 0 | D61: 1597.6 | E61: 9297.52 | F61: 5635.4 | G61: 1366.86 | H61: 2807.56 | I61: 2775.63 | J61: 3820.48 | K61: 9656.05 | L61: 18201.31 | M61: 1123.2 | N61: 3593.17 | O61: 1360.51 | P61: 2110.93 | Q61: 1227.43 | R61: 2026 | S61: 2064.03 | T61: 2063.88 | U61: 953.6 | V61: 2021.66 | W61: 19640.61 | X61: 7354.84 | Y61: 7636.45 | Z61: 27701.27 | AA61: 8869.44 | AB61: 17546.73 | AF61: 2474.98 | AG61: 38.72 | AH61: =AF61/AG61 -> 63.919938 | AI61: =AKFYE!R104/1000000 -> 471.75844
B62: 45809 | C62: 1783.2 | D62: 1327.6 | E62: 2707.54 | F62: 2606.57 | G62: 383.35 | H62: 843.86 | I62: 945.68 | J62: 170.15 | K62: 2953.8 | L62: 7351.71 | M62: 805.1 | N62: 1447.6 | O62: 1700.25 | P62: 1775.12 | Q62: 1575.05 | R62: 2198.1 | S62: 2188.11 | T62: 2164.51 | U62: 1655.11 | V62: 2450.21 | W62: 17711.26 | X62: 7285.17 | Y62: 10508.16 | Z62: 34467.91 | AA62: 12352.16 | AB62: 16741.73 | AC62: =SUM(C60:AB62) -> 467459.4 | AF62: 2240.61 | AG62: 39.37 | AH62: =AF62/AG62 -> 56.911608 | AI62: =AKFYE!S104/1000000 -> 420.17493 | AJ62: =SUM(AI60:AI62) -> 1365.8769 | AK62: =_xll.RasFinancial($A$56,A60,3120,"XI_29","LOCAL",,FALSE(),"AC",,1000000) -> 1482.415 | AL62: =(AJ62/AK62)-1 -> -0.078613651 | AM62: =(_xll.RasFinancial($A$56,"2025/6M",3120,"XI_29","LOCAL",,FALSE(),"ACO",,1000000))-AM59 -> 1552.357 | AN62: =(AJ62/AM62)-1 -> -0.12012704
A63: 2025/3Q | B63: 45839 | C63: 3565.35 | D63: 988.8 | E63: 631.89 | F63: 2255.2 | G63: 100.78 | H63: 575.6 | I63: 567.72 | J63: 0 | K63: 202.66 | L63: 1488.6 | M63: 792 | N63: 348.89 | O63: 1540.19 | P63: 1937.85 | Q63: 1744.36 | R63: 2239.8 | S63: 2215.96 | T63: 2208.76 | U63: 1300.22 | V63: 2417.79 | W63: 23564.25 | X63: 8451.93 | Y63: 11270.25 | Z63: 36606.02 | AA63: 11767.03 | AB63: 12517.6 | AF63: 2981.73 | AG63: 40.14 | AH63: =AF63/AG63 -> 74.283259 | AI63: =AKFYE!T104/1000000 -> 422.92903
B64: 45870 | C64: 236.8 | D64: 1138.3 | E64: 0 | F64: 1579.7 | G64: 52.57 | H64: 497.93 | I64: 600.67 | J64: 0 | K64: 0 | L64: 432.96 | M64: 833.86 | N64: 92.44 | O64: 1502.01 | P64: 1745.2 | Q64: 1654.59 | R64: 2252.9 | S64: 2168.94 | T64: 2120 | U64: 1827.48 | V64: 2248.05 | W64: 24040.81 | X64: 8536.09 | Y64: 13795.22 | Z64: 46084.96 | AA64: 15113.9 | AB64: 9951.18 | AF64: 2952.26 | AG64: 40.75 | AH64: =AF64/AG64 -> 72.448098 | AI64: =AKFYE!U104/1000000 -> 449.86386
B65: 45901 | C65: 0 | D65: 1650.1 | E65: 123.43 | F65: 892.8 | G65: 74 | H65: 1852.79 | I65: 469.31 | J65: 0 | K65: 0.99 | L65: 612.8 | M65: 776 | N65: 664.64 | O65: 1326.51 | P65: 1919.53 | Q65: 1936.02 | R65: 1972 | S65: 2000.24 | T65: 2001.75 | U65: 2079.36 | V65: 2118.32 | W65: 18730.44 | X65: 7268.44 | Y65: 11775.23 | Z65: 38072.95 | AA65: 11818.18 | AB65: 16509.68 | AC65: =SUM(C63:AB65) -> 396451.57 | AF65: 2765.58 | AG65: 41.24 | AH65: =AF65/AG65 -> 67.060621 | AI65: =AKFYE!V104/1000000 -> 417.69816 | AJ65: =SUM(AI63:AI65) -> 1290.4911 | AK65: =_xll.RasFinancial($A$56,A63,3120,"XI_29","LOCAL",,FALSE(),"AC",,1000000) -> 1501.33 | AL65: =(AJ65/AK65)-1 -> -0.14043478 | AM65: =(_xll.RasFinancial($A$56,"2025/9M",3120,"XI_29","LOCAL",,FALSE(),"ACO",,1000000))-AM62-AM59 -> 1705.205 | AN65: =(AJ65/AM65)-1 -> -0.24320474
A66: 2025/4Q | B66: 45931 | C66: 0 | D66: 393.2 | E66: 433.77 | F66: 1036.5 | G66: 469.02 | H66: 1679.51 | I66: 1038.76 | J66: 66.07 | K66: 0 | L66: 2190.72 | M66: 1304.4 | N66: 834.74 | O66: 1164.58 | P66: 1797.69 | Q66: 1789.19 | R66: 1709 | S66: 1752.22 | T66: 1761.31 | U66: 1942.98 | V66: 1722.28 | W66: 12376.04 | X66: 5517.61 | Y66: 5758.37 | Z66: 21013.1 | AA66: 7449.01 | AB66: 29683.13 | AF66: 2764.54 | AG66: 41.75 | AH66: =AF66/AG66 -> 66.216527 | AI66: =AKFYE!W104/1000000 -> 351.40793
B67: 45962 | C67: 0 | D67: 560.4 | E67: 1552.56 | F67: 1641.8 | G67: 447.83 | H67: 571.74 | I67: 747.24 | J67: 215.17 | K67: 410.59 | L67: 4198.15 | M67: 1180.8 | N67: 2334.13 | O67: 554.95 | P67: 1543.78 | Q67: 1463.42 | R67: 1225.3 | S67: 1265.33 | T67: 1273.41 | U67: 873.36 | V67: 755.64 | W67: 4629.36 | X67: 3984 | Y67: 9214.5 | Z67: 30420.07 | AA67: 18833.18 | AB67: 25677.32 | AF67: 2814.97 | AG67: 42.2 | AH67: =AF67/AG67 -> 66.70545 | AI67: =AKFYE!X104/1000000 -> 375.6913
B68: 45992 | C68: 0 | D68: 735.6 | E68: 2582.36 | F68: 8699.8 | G68: 1527.29 | H68: 1153.38 | I68: 2001.44 | J68: 445.23 | K68: 1380.99 | L68: 3672.38 | M68: 1258.6 | N68: 1563.67 | O68: 610.94 | P68: 949.63 | Q68: 924.58 | R68: 843.6 | S68: 801.95 | T68: 797.33 | U68: 899.74 | V68: 813.01 | W68: 10229.51 | X68: 5282.44 | Y68: 11115.61 | Z68: 24293.38 | AA68: 12663.8 | AB68: 23418.68 | AC68: =SUM(C66:AB68) -> 339122.17 | AD68: =1645900 -> 1645900 | AE68: =((AC59+AC62+AC65+AC68)/AD68)-1 -> -0.03656597 | AF68: 3005.44 | AG68: 42.61 | AH68: =AF68/AG68 -> 70.533678 | AI68: =AKFYE!Y104/1000000 -> 383.68986 | AJ68: =SUM(AI66:AI68) -> 1110.7891 | AK68: =_xll.RasFinancial($A$56,A66,3120,"XI_29","LOCAL",,FALSE(),"AC",,1000000) -> 1181.3719 | AL68: =(AJ68/AK68)-1 -> -0.059746466 | AM68: =(_xll.RasFinancial($A$56,"2025/12M",3120,"XI_29","LOCAL",,FALSE(),"ACO",,1000000))-AM65-AM62-AM59 -> 1373.958 | AN68: =(AJ68/AM68)-1 -> -0.19154073 | AO68: =(AL59+AL62+AL65+AL68)/4 -> -0.14556196 | AP68: =(AN59+AN62+AN65+AN68)/4 -> -0.16083334
A69: 2026/1Q | B69: 46023 | C69: 0 | D69: 1048.9 | E69: 3026.74 | F69: 19123.05 | G69: 3488.33 | H69: 2050.39 | I69: 4280.02 | J69: 370 | K69: 7912.18 | L69: 973.75 | M69: 1539.4 | N69: 1123.64 | O69: 248.53 | P69: 825.7 | Q69: 849.17 | R69: 422.2 | S69: 939.25 | T69: 889.14 | U69: 847.19 | V69: 541.05 | W69: 8433.4 | X69: 4756.84 | Y69: 17072.09 | Z69: 40891.62 | AA69: 29079.88 | AB69: 39815.16 | AF69: 2929.4 | AG69: 43.14 | AH69: =AF69/AG69 -> 67.904497 | AI69: =AKFYE!Z104/1000000 -> 605.02324
B70: 46054 | C70: 0 | D70: 4675.5 | E70: 11880.73 | F70: 26463.28 | G70: 5186.02 | H70: 2365.26 | I70: 6389.28 | J70: 482.98 | K70: 30015.67 | L70: 2181.33 | M70: 1752.1 | N70: 3366.34 | O70: 648.54 | P70: 1192.12 | Q70: 1202.64 | R70: 750.54 | S70: 1064.7 | T70: 1025.11 | U70: 1320.56 | V70: 1034.18 | W70: 10666.26 | X70: 6623.94 | Y70: 14596.77 | Z70: 31383.97 | AA70: 19717.72 | AB70: 34373.44 | AF70: 2141.92 | AG70: 43.61 | AH70: =AF70/AG70 -> 49.115341 | AI70: =AKFYE!AA104/1000000 -> 628.17858
B71: 46082 | C71: 536.7 | D71: 5132.6 | E71: 12929.92 | F71: 22069.09 | G71: 2724.87 | H71: 2841.38 | I71: 3875.18 | J71: 542.42 | K71: 34475.76 | L71: 2729.57 | M71: 1903.76 | N71: 3083.27 | O71: 987.47 | P71: 1501.17 | Q71: 1494.92 | R71: 1496.48 | S71: 1649.33 | T71: 1639.74 | U71: 1531.83 | V71: 1451.21 | W71: 13286.1 | X71: 6341.63 | Y71: 19548.88 | Z71: 38317.1 | AA71: 21381.98 | AB71: 18571.37 | AC71: =SUM(C69:AB71) -> 632950.33 | AF71: 1726.85 | AG71: 44.1 | AH71: =AF71/AG71 -> 39.157596 | AI71: =AKFYE!AB104/1000000 -> 651.43463 | AJ71: =SUM(AI69:AI71) -> 1884.6365 | AQ71: =AJ71/(1+AO68) -> 2205.7029 | AR71: =AJ71/(1+AP68) -> 2245.8429
C73: 1508 | D73: 2754 | E73: 1176
A74: GWIND | C74: Şah RES | D74: Taşpınar RES | E74: Mersin RES | G74: Faaliyet Rapor Üretim Verisi (MWh) | H74: Yıllık Bazda Sapma Oranı | I74: PTF Ağırlıklı Ort (MWh/TL) | J74: Aylık Ort Dolar Kuru | K74: PTF Ağırlıklı Ort (MWh/USD) | L74: Ciro Tahmini (PTF ve YEKDEM) (Milyon TL) | N74: Ciro (Milyon TL) | O74: Ciro Sapma | P74: Ciro EM Hariç (Milyon TL) | Q74: Ciro EM Hariç Sapma | R74: Ortalama Ciro Sapma Oranı | S74: Ortalama EM Hariç Ciro Sapma Oranı | T74: Ciro Tahmini (Milyon TL) | U74: EM Hariç Ciro Tahmini (Milyon TL)
A75: 2025/1Q | B75: 45658 | C75: 26321.16 | D75: 18004.95 | E75: 12969.26 | I75: 2537.99 | J75: 35.48 | K75: =I75/J75 -> 71.532976 | L75: =GWIND!G34/1000000 -> 146.50143
B76: 45689 | C76: 22863.81 | D76: 14827.39 | E76: 18824.59 | I76: 2506.77 | J76: 36.12 | K76: =I76/J76 -> 69.401163 | L76: =GWIND!H34/1000000 -> 143.7935
B77: 45717 | C77: 29890.56 | D77: 25879.97 | E77: 14954.78 | F77: =SUM(C75:E77) -> 184536.47 | I77: 2207.18 | J77: 37.04 | K77: =I77/J77 -> 59.589093 | L77: =GWIND!I34/1000000 -> 169.24299 | M77: =SUM(L75:L77) -> 459.53792 | N77: =_xll.RasFinancial($A$74,A75,3120,"XI_29","LOCAL",,FALSE(),"AC",,1000000) -> 727.69758 | O77: =(M77/N77)-1 -> -0.36850426 | P77: =_xll.RasFinancial($A$74,"2025/3M",3120,"XI_29","LOCAL",,FALSE(),"ACO",,1000000) -> 556.05517 | Q77: =(M77/P77)-1 -> -0.17357494
A78: 2025/2Q | B78: 45748 | C78: 21646.64 | D78: 17229.74 | E78: 17488.69 | I78: 2489.25 | J78: 38.05 | K78: =I78/J78 -> 65.420499 | L78: =GWIND!J34/1000000 -> 159.22118
B79: 45778 | C79: 17754.52 | D79: 18098.8 | E79: 16193.22 | I79: 2474.98 | J79: 38.72 | K79: =I79/J79 -> 63.919938 | L79: =GWIND!K34/1000000 -> 150.03849
B80: 45809 | C80: 28923.81 | D80: 23602.33 | E80: 41587.05 | F80: =SUM(C78:E80) -> 202524.8 | I80: 2240.61 | J80: 39.37 | K80: =I80/J80 -> 56.911608 | L80: =GWIND!L34/1000000 -> 245.44095 | M80: =SUM(L78:L80) -> 554.70062 | N80: =_xll.RasFinancial($A$74,A78,3120,"XI_29","LOCAL",,FALSE(),"AC",,1000000) -> 605.00926 | O80: =(M80/N80)-1 -> -0.083153506 | P80: =_xll.RasFinancial($A$74,"2025/6M",3120,"XI_29","LOCAL",,FALSE(),"ACO",,1000000)-P77 -> 638.40994 | Q80: =(M80/P80)-1 -> -0.13112159
A81: 2025/3Q | B81: 45839 | C81: 31017.24 | D81: 22153.23 | E81: 28531.91 | I81: 2981.73 | J81: 40.14 | K81: =I81/J81 -> 74.283259 | L81: =GWIND!M34/1000000 -> 242.65676
B82: 45870 | C82: 48262.22 | D82: 25923.82 | E82: 28933.54 | I82: 2952.26 | J82: 40.75 | K82: =I82/J82 -> 72.448098 | L82: =GWIND!N34/1000000 -> 305.27648
B83: 45901 | C83: 30114.69 | D83: 20214.11 | E83: 35124.14 | F83: =SUM(C81:E83) -> 270274.9 | I83: 2765.58 | J83: 41.24 | K83: =I83/J83 -> 67.060621 | L83: =GWIND!O34/1000000 -> 241.46485 | M83: =SUM(L81:L83) -> 789.39809 | N83: =_xll.RasFinancial($A$74,A81,3120,"XI_29","LOCAL",,FALSE(),"AC",,1000000) -> 947.48093 | O83: =(M83/N83)-1 -> -0.16684541 | P83: =_xll.RasFinancial($A$74,"2025/9M",3120,"XI_29","LOCAL",,FALSE(),"ACO",,1000000)-P80-P77 -> 1037.1182 | Q83: =(M83/P83)-1 -> -0.23885424
A84: 2025/4Q | B84: 45931 | C84: 14742.05 | D84: 16820.03 | E84: 20190.93 | I84: 2764.54 | J84: 41.75 | K84: =I84/J84 -> 66.216527 | L84: =GWIND!P34/1000000 -> 147.92944
B85: 45962 | C85: 24511.34 | D85: 20370.4 | E85: 14804.55 | I85: 2814.97 | J85: 42.2 | K85: =I85/J85 -> 66.70545 | L85: =GWIND!Q34/1000000 -> 173.56638
B86: 45992 | C86: 17195.91 | D86: 16257.11 | E86: 34315.11 | F86: =SUM(C84:E86) -> 179207.43 | G86: 880970.8 | H86: =((F77+F80+F83+F86)/G86)-1 -> -0.050429821 | I86: 3005.44 | J86: 42.61 | K86: =I86/J86 -> 70.533678 | L86: =GWIND!R34/1000000 -> 205.52708 | M86: =SUM(L84:L86) -> 527.0229 | N86: =_xll.RasFinancial($A$74,A84,3120,"XI_29","LOCAL",,FALSE(),"AC",,1000000) -> 610.91804 | O86: =(M86/N86)-1 -> -0.13732635 | P86: =_xll.RasFinancial($A$74,"2025/12M",3120,"XI_29","LOCAL",,FALSE(),"ACO",,1000000)-P83-P80-P77 -> 708.10851 | Q86: =(M86/P86)-1 -> -0.25573144 | R86: =(O77+O80+O83+O86)/4 -> -0.18895738 | S86: =(Q77+Q80+Q83+Q86)/4 -> -0.19982055
A87: 2026/1Q | B87: 46023 | C87: 39372.44 | D87: 32827.14 | E87: 32529.21 | I87: 2929.4 | J87: 43.14 | K87: =I87/J87 -> 67.904497 | L87: =GWIND!S34/1000000 -> 314.30481
B88: 46054 | C88: 28841.47 | D88: 23077.31 | E88: 29148.61 | I88: 2141.92 | J88: 43.61 | K88: =I88/J88 -> 49.115341 | L88: =GWIND!T34/1000000 -> 197.86623
B89: 46082 | C89: 28666.09 | D89: 17952.94 | E89: 25523.49 | F89: =SUM(C87:E89) -> 257938.7 | I89: 1726.85 | J89: 44.1 | K89: =I89/J89 -> 39.157596 | L89: =GWIND!U34/1000000 -> 151.5462 | M89: =SUM(L87:L89) -> 663.71725 | T89: =M89/(1+R86) -> 818.35064 | U89: =M89/(1+S86) -> 829.4605
C91: 951 | D91: 2075 | E91: 1589 | F91: 1262 | G91: 2766 | H91: 1650 | I91: 1720 | J91: 1481 | K91: 2149 | L91: 2768 | M91: 716 | N91: 988 | O91: 1091 | P91: 1977 | Q91: 2341 | R91: 1548 | S91: 1712 | T91: 2066
A92: AYDEM | C92: Adıgüzel HES | D92: Bereket JES | E92: Bereket 1-2 HES | F92: Çırakdamı HES | G92: Dalaman HES | H92: Dereli HES | I92: Düzce Aksu HES | J92: Feslek Bereket HES | K92: Göktaş 1-2 HES | L92: Gökyar HES | M92: Kemer HES | N92: Koyulhisar Bereket HES | O92: Mentaş HES | P92: Söke RES | Q92: Tokat Akıncı HES | R92: Toros HES | S92: Uşak RES – Hibrit GES | T92: Yalova RES | V92: Faaliyet Rapor Üretim Verisi (MWh) | W92: Yıllık Bazda Sapma Oranı | X92: PTF Ağırlıklı Ort (MWh/TL) | Y92: Aylık Ort Dolar Kuru | Z92: PTF Ağırlıklı Ort (MWh/USD) | AA92: Ciro Tahmini (PTF ve YEKDEM) (Milyon TL) | AC92: Ciro (Milyon TL) | AD92: Ciro Sapma | AE92: Ciro EM Hariç (Milyon TL) | AF92: Ciro EM Hariç Sapma | AG92: Ortalama Ciro Sapma Oranı | AH92: Ortalama EM Hariç Ciro Sapma Oranı | AI92: Ciro Tahmini (Milyon TL) | AJ92: EM Hariç Ciro Tahmini (Milyon TL)
A93: 2025/1Q | B93: 45658 | C93: - | D93: - | E93: 1225.35 | F93: 2935 | G93: 5562.25 | H93: 2529.17 | I93: 10032.98 | J93: 1412.6 | K93: 11477 | L93: 3609.8 | M93: 0 | N93: 12906.61 | O93: 2043 | P93: 12597.32 | Q93: 20649.02 | R93: 4611.01 | S93: 20508.35 | T93: 13450.38 | X93: 2537.99 | Y93: 35.48 | Z93: =X93/Y93 -> 71.532976 | AA93: =AYDEM!M77/1000000 -> 321.279
B94: 45689 | C94: - | D94: - | E94: 1067.79 | F94: 2911 | G94: 3468.18 | H94: 1374.34 | I94: 5192.28 | J94: 1109.1 | K94: 5818 | L94: 1724.98 | M94: 0 | N94: 14564.93 | O94: 3465 | P94: 16414.1 | Q94: 22711.74 | R94: 3163.36 | S94: 33355.75 | T94: 8559.85 | X94: 2506.77 | Y94: 36.12 | Z94: =X94/Y94 -> 69.401163 | AA94: =AYDEM!N77/1000000 -> 319.31091
B95: 45717 | C95: - | D95: - | E95: 591.03 | F95: 23747 | G95: 2803.14 | H95: 14804.46 | I95: 17142.87 | J95: 324 | K95: 5850 | L95: 1507.81 | M95: 0 | N95: 13305.93 | O95: 5954 | P95: 19421.99 | Q95: 26370.22 | R95: 5548.48 | S95: 38775.6 | T95: 13178.69 | U95: =SUM(C93:T95) -> 439775.46 | X95: 2207.18 | Y95: 37.04 | Z95: =X95/Y95 -> 59.589093 | AA95: =AYDEM!O77/1000000 -> 444.39918 | AB95: =SUM(AA93:AA95) -> 1084.9891 | AC95: =_xll.RasFinancial($A$92,A93,3120,"XI_29","LOCAL",,FALSE(),"AC",,1000000) -> 4565.7628 | AD95: =(AB95/AC95)-1 -> -0.76236411 | AE95: =_xll.RasFinancial($A$92,"2025/3M",3120,"XI_29","LOCAL",,FALSE(),"ACO",,1000000) -> 3488.8339 | AF95: =(AB95/AE95)-1 -> -0.68901096
A96: 2025/2Q | B96: 45748 | C96: - | D96: - | E96: 544.95 | F96: 30024 | G96: 5867.25 | H96: 18567.85 | I96: 13995.84 | J96: 452.8 | K96: 13605 | L96: 2219.34 | M96: 0 | N96: 19258.8 | O96: 6312 | P96: 11989.56 | Q96: 34634.61 | R96: 9661.12 | S96: 30777.35 | T96: 8396.73 | X96: 2489.25 | Y96: 38.05 | Z96: =X96/Y96 -> 65.420499 | AA96: =AYDEM!P77/1000000 -> 531.58451
B97: 45778 | C97: - | D97: - | E97: 484.36 | F97: 23543 | G97: 8035.68 | H97: 17964.26 | I97: 3670.79 | J97: 322.9 | K97: 12973 | L97: 1486.51 | M97: 0 | N97: 26564.1 | O97: 9023 | P97: 19397.07 | Q97: 44548.84 | R97: 21047.9 | S97: 35368.84 | T97: 7790.38 | X97: 2474.98 | Y97: 38.72 | Z97: =X97/Y97 -> 63.919938 | AA97: =AYDEM!Q77/1000000 -> 602.4464
B98: 45809 | C98: - | D98: - | E98: 214.22 | F98: 8796 | G98: 10367.31 | H98: 8945.96 | I98: 624.54 | J98: 0 | K98: 14704 | L98: 972.84 | M98: 12574.7 | N98: 24733.6 | O98: 6404 | P98: 21624.75 | Q98: 38067.92 | R98: 8495.47 | S98: 37839.88 | T98: 12199.04 | U98: =SUM(C96:T98) -> 645092.06 | X98: 2240.61 | Y98: 39.37 | Z98: =X98/Y98 -> 56.911608 | AA98: =AYDEM!R77/1000000 -> 510.1525 | AB98: =SUM(AA96:AA98) -> 1644.1834 | AC98: =_xll.RasFinancial($A$92,A96,3120,"XI_29","LOCAL",,FALSE(),"AC",,1000000) -> 2146.031 | AD98: =(AB98/AC98)-1 -> -0.23384918 | AE98: =_xll.RasFinancial($A$92,"2025/6M",3120,"XI_29","LOCAL",,FALSE(),"ACO",,1000000)-AE95 -> 2355.5955 | AF98: =(AB98/AE98)-1 -> -0.30200945
A99: 2025/3Q | B99: 45839 | C99: - | D99: - | E99: 161.26 | F99: 2962.55 | G99: 13272.95 | H99: 2738.8 | I99: 83.36 | J99: 317.1 | K99: 11066 | L99: 793.17 | M99: 23515.18 | N99: 24696.29 | O99: 3620 | P99: 16515.28 | Q99: 38415.31 | R99: 3034.34 | S99: 39875.63 | T99: 13585.86 | X99: 2981.73 | Y99: 40.14 | Z99: =X99/Y99 -> 74.283259 | AA99: =AYDEM!S77/1000000 -> 577.39976
B100: 45870 | C100: - | D100: - | E100: 151.95 | F100: 1565.15 | G100: 5957.67 | H100: 1190.85 | I100: 0 | J100: 387.6 | K100: 12631 | L100: 730.82 | M100: 0 | N100: 21763.25 | O100: 3574 | P100: 19249.14 | Q100: 32557.32 | R100: 1389.35 | S100: 44382.57 | T100: 19739.59 | X100: 2952.26 | Y100: 40.75 | Z100: =X100/Y100 -> 72.448098 | AA100: =AYDEM!T77/1000000 -> 489.70651
B101: 45901 | C101: - | D101: - | E101: 175.44 | F101: 2854 | G101: 4080.84 | H101: 2313.8 | I101: 0 | J101: 0 | K101: 10448 | L101: 598.48 | M101: 0 | N101: 16928.06 | O101: 3588 | P101: 19021.41 | Q101: 25291.58 | R101: 923.91 | S101: 38101.94 | T101: 12529.5 | U101: =SUM(C99:T101) -> 496778.3 | X101: 2765.58 | Y101: 41.24 | Z101: =X101/Y101 -> 67.060621 | AA101: =AYDEM!U77/1000000 -> 392.13138 | AB101: =SUM(AA99:AA101) -> 1459.2376 | AC101: =_xll.RasFinancial($A$92,A99,3120,"XI_29","LOCAL",,FALSE(),"AC",,1000000) -> 3340.2659 | AD101: =(AB101/AC101)-1 -> -0.56313729 | AE101: =_xll.RasFinancial($A$92,"2025/9M",3120,"XI_29","LOCAL",,FALSE(),"ACO",,1000000)-AE98-AE95 -> 3778.8543 | AF101: =(AB101/AE101)-1 -> -0.61384125
A102: 2025/4Q | B102: 45931 | C102: - | D102: - | E102: 640.37 | F102: 4092 | G102: 1289.16 | H102: 3860.94 | I102: 0 | J102: 607.9 | K102: 6545 | L102: 1158.92 | M102: 0 | N102: 8981.67 | O102: 3507 | P102: 13260.29 | Q102: 14116.68 | R102: 900.83 | S102: 33274.1 | T102: 9284.27 | X102: 2764.54 | Y102: 41.75 | Z102: =X102/Y102 -> 66.216527 | AA102: =AYDEM!V77/1000000 -> 290.43987
B103: 45962 | C103: - | D103: - | E103: 950.04 | F103: 8543.48 | G103: 621.23 | H103: 9257.96 | I103: 1.12 | J103: 625.1 | K103: 5729 | L103: 1071 | M103: 0 | N103: 14533.21 | O103: 1442 | P103: 16395.99 | Q103: 24538.13 | R103: 1007.36 | S103: 18182.41 | T103: 9935.72 | X103: 2814.97 | Y103: 42.2 | Z103: =X103/Y103 -> 66.70545 | AA103: =AYDEM!W77/1000000 -> 330.25484
B104: 45992 | C104: - | D104: - | E104: 1082.66 | F104: 6287.1 | G104: 750.56 | H104: 7091.36 | I104: 6508.66 | J104: 1044.2 | K104: 8120 | L104: 1661.77 | M104: 0 | N104: 20778.54 | O104: 332 | P104: 14704.94 | Q104: 32932.5 | R104: 2318.64 | S104: 21944.99 | T104: 6758.49 | U104: =SUM(C102:T104) -> 346669.29 | V104: 2088364 | W104: =((U95+U98+U101+U104)/V104)-1 -> -0.076638407 | X104: 3005.44 | Y104: 42.61 | Z104: =X104/Y104 -> 70.533678 | AA104: =AYDEM!X77/1000000 -> 403.74494 | AB104: =SUM(AA102:AA104) -> 1024.4396 | AC104: =_xll.RasFinancial($A$92,A102,3120,"XI_29","LOCAL",,FALSE(),"AC",,1000000) -> 2878.0644 | AD104: =(AB104/AC104)-1 -> -0.64405256 | AE104: =_xll.RasFinancial($A$92,"2025/12M",3120,"XI_29","LOCAL",,FALSE(),"ACO",,1000000)-AE101-AE98-AE95 -> 3297.18 | AF104: =(AB104/AE104)-1 -> -0.68929824 | AG104: =(AD95+AD98+AD101+AD104)/4 -> -0.55085078 | AH104: =(AF95+AF98+AF101+AF104)/4 -> -0.57353998
A105: 2026/1Q | B105: 46023 | C105: - | D105: - | E105: 1096.22 | F105: 5883.47 | G105: 1423.36 | H105: 5382.23 | I105: 14768.16 | J105: 1388.8 | K105: 8575 | L105: 3374.14 | M105: 0 | N105: 20592.54 | O105: 2906 | P105: 23556.74 | Q105: 33186.44 | R105: 5717.71 | S105: 41026.5 | T105: 17716.62 | X105: 2929.4 | Y105: 43.14 | Z105: =X105/Y105 -> 67.904497 | AA105: =AYDEM!Y77/1000000 -> 559.61653
...

Sheet PTF
A1: TL | B1: 1A25 | C1: 2A25 | D1: 3A25 | E1: 4A25 | F1: 5A25 | G1: 6A25 | H1: 7A25 | I1: 8A25 | J1: 9A25 | K1: 10A25 | L1: 11A25 | M1: 12A25 | N1: 1A26 | O1: 2A26 | P1: 3A26 | Q1: 4A26 | R1: 5A26 | S1: 6A26
A2: PTF FİYATI | B2: 2537.99 | C2: 2506.77 | D2: 2207.18 | E2: 2489.25 | F2: 2474.98 | G2: 2240.61 | H2: 2981.73 | I2: 2952.26 | J2: 2765.58 | K2: 2764.54 | L2: 2814.97 | M2: 3005.44 | N2: 2929.4 | O2: 2141.92 | P2: 1726.85 | Q2: 1068.43 | R2: 795.7 | S2: 1341.48
A4: AYLIK ORT | B4: 1A25 | C4: 2A25 | D4: 3A25 | E4: 4A25 | F4: 5A25 | G4: 6A25 | H4: 7A25 | I4: 8A25 | J4: 9A25 | K4: 10A25 | L4: 11A25 | M4: 12A25 | N4: 1A26 | O4: 2A26 | P4: 3A26 | Q4: 4A26 | R4: 5A26 | S4: 6A26
A5: DOLAR | B5: 35,48 | C5: 36.12 | D5: 37.04 | E5: 38.05 | F5: 38.72 | G5: 39.37 | H5: 40.14 | I5: 40.75 | J5: 41.24 | K5: 41.75 | L5: 42.2 | M5: 42.61 | N5: 43.14 | O5: 43.61 | P5: 44.1 | Q5: 44.68 | R5: 45.36 | S5: 46.17
A7: DOLAR | B7: 1A25 | C7: 2A25 | D7: 3A25 | E7: 4A25 | F7: 5A25 | G7: 6A25 | H7: 7A25 | I7: 8A25 | J7: 9A25 | K7: 10A25 | L7: 11A25 | M7: 12A25 | N7: 1A26 | O7: 2A26 | P7: 3A26 | Q7: 4A26 | R7: 5A26 | S7: 6A26
A8: PTF FİYATI | B8: 71.64 | C8: 69.53 | D8: 59.76 | E8: 65.54 | F8: 64.03 | G8: 56.95 | H8: 74.36 | I8: 72.53 | J8: 67.13 | K8: 66.28 | L8: 66.79 | M8: 70.6 | N8: 68 | O8: 49.19 | P8: 39.23 | Q8: 23.96 | R8: 17.57 | S8: 29.08

Sheet Sayfa1
A1: ŞİRKET | B1: SANTRAL | C1: KURULU GÜÇ(MW) | D1: SATIŞ TÜRÜ | E1: ÜRETİM VERİSİ
A2: A1YEN | B2: Adala Ges | C2: 2.09 | D2: YEKDEM | E2: X
B3: Attalos GES | C3: 1.14 | D3: YEKDEM | E3: X
B4: Dombaylı GES | C4: 9.65 | D4: YEKDEM | E4: X
B5: Esenyazı GES | C5: 4.56 | D5: YEKDEM | E5: X
B6: Başıbüyük GES | C6: 10.26 | D6: YEKDEM | E6: X
B7: Çorbacılar GES | C7: 2.8 | D7: YEKDEM | E7: X
B8: İmamdamı 1 GES | C8: 6.58 | D8: YEKDEM | E8: X
B9: İmamdamı 2 GES | C9: 2.24 | D9: YEKDEM | E9: X
B10: Ağzıkarahan GES | C10: 2.39 | D10: YEKDEM | E10: X
B11: Alanya GES | C11: 4.75 | D11: YEKDEM | E11: X
B12: Çubuk GES | C12: 4.7 | D12: YEKDEM | E12: X
B13: Yunak GES | C13: =C14-SUM(C2:C12) -> 2.25 | D13: YEKDEM | E13: X
B14: Toplam | C14: 53.41
A16: AKENR | B16: =AKENR!A2 -> Erzin DGKÇS | C16: 904 | D16: PTF | E16: E
B17: =AKENR!A3 -> Bulam HES | C17: 7 | D17: YEKDEM | E17: E
B18: =AKENR!A4 -> Burç Bendi HES | C18: 28 | D18: YEKDEM | E18: E
B19: =AKENR!A5 -> Uluabat HES | C19: 100 | D19: YEKDEM | E19: E
B20: =AKENR!A6 -> Feke I HES | C20: 30 | D20: YEKDEM | E20: E
B21: =AKENR!A7 -> Feke II HES | C21: 70 | D21: YEKDEM | E21: E
B22: =AKENR!A8 -> Gökkaya HES | C22: 30 | D22: YEKDEM | E22: E
B23: =AKENR!A9 -> Himmetli HES | C23: 27 | D23: YEKDEM | E23: E
B24: =AKENR!A10 -> Ayyıldız RES | C24: 28 | D24: YEKDEM | E24: E
B25: =AKENR!A11 -> Toplam | C25: 1224
A27: AKFYE | B27: Sırma HES | C27: 6.66 | D27: PTF | E27: E
B28: Çamlıca III HES | C28: 28.48 | D28: PTF | E28: E
B29: Saraçbendi HES | C29: 26.28 | D29: PTF | E29: E
B30: Otluca HES | C30: 48.77 | D30: PTF | E30: E
B31: Demirciler HES | C31: 8.7 | D31: PTF | E31: E
B32: Yağmur HES | C32: 9.19 | D32: PTF | E32: E
B33: Kavakçalı HES | C33: 11.45 | D33: PTF | E33: E
B34: Gelinkaya HES | C34: 7.08 | D34: PTF | E34: E
B35: Doğançay HES | C35: 31.61 | D35: PTF | E35: E
B36: Doruk HES | C36: 28.89 | D36: PTF | E36: E
B37: Sekiyaka HES | C37: 3.53 | D37: PTF | E37: E
B38: Çalıkobası HES | C38: 18.11 | D38: YEKDEM | E38: E
B39: Solentegre GES | C39: 9.62 | D39: YEKDEM | E39: E
... B62: Demirciler Hibrit GES | C62: 13.26 | D62: YEKDEM | E62: X
B63: Toplam | C63: 886.54 | D63: YEKDEM
A65: AKSEN | B65: Aksa Enerji Doğalgaz | C65: 900 | D65: PTF | E65: E
B66: Aksa Göynük Termik | C66: 270 | D66: 75 USD | E66: E
B67: Aksa Enerji Fuel Oil | C67: 188 | D67: - | E67: X
B68: Aksa Gana Fuel Oil | C68: 370 | D68: - | E68: X
B69: Aksa Mali Fuel Oil | C69: 60 | D69: - | E69: X
B70: Aksa Energy Buhara Doğalgaz | C70: 298 | D70: - | E70: X
B71: Aksa Energy Tashkent Doğalgaz | C71: 492 | D71: - | E71: X
B72: Aksa Energy Talimarjan Doğalgaz | C72: 430 | D72: - | E72: X
B73: Aksa Energy Congo Doğalgaz | C73: 50 | D73: - | E73: X
B74: Toplam | C74: 3058
A76: AYDEM | B76: Aksu HES | C76: 46.2 | D76: PTF | E76: E
B77: Kemer HES | C77: 48 | D77: PTF | E77: E
B78: Feslek HES | C78: 8.84 | D78: PTF | E78: E
B79: Bereket I-II HES | C79: 3.15 | D79: PTF | E79: E
B80: Adıgüzel HES | C80: 62 | D80: PTF | E80: E
B81: Gökyar HES | C81: 10.95 | D81: PTF | E81: E
B82: Dalaman I-II-III-IV-V HES | C82: 37.5 | D82: PTF | E82: E
B83: Akıncı HES | C83: 99 | D83: YEKDEM | E83: E
B84: Koyulhisar HES | C84: 63 | D84: PTF | E84: E
B85: Dereli HES | C85: 49.2 | D85: PTF | E85: E
B86: Çırakdamı HES | C86: 49.1 | D86: PTF | E86: E
B87: Mentaş HES | C87: 49.6 | D87: PTF | E87: E
B88: Toros HES | C88: 49.99 | D88: PTF | E88: E
... B94: Banaz RES Hibrit GES | C94: 82.15 | D94: PTF | E94: E
B95: Toplam | C95: =SUM(C76:C94) -> 1197.63
A97: AYEN | B97: Akbük 1 RES | C97: 31.5 | D97: PTF | E97: E
B98: Akbük 2 RES | C98: 20 | D98: YEKDEM | E98: E
B99: Mordoğan RES | C99: 30.75 | D99: PTF | E99: E
B100: Korkmaz RES | C100: 24 | D100: PTF | E100: E
B101: Büyükdüz HES | C101: 68.86 | D101: PTF | E101: E
B102: Çaypınar RES | C102: 27.6 | D102: YEKDEM | E102: E
B103: Toplam | C103: 202.71
A105: BIGEN | B105: Edikli GES | C105: 15.23 | D105: YEKDEM | E105: E
B106: Gülbahar Bitlis GES | C106: 24.19 | D106: YEKDEM | E106: X
B107: Uluder Kahramanmaraş GES | C107: 15.83 | D107: YEKDEM | E107: E
B108: Gülbahar Ankara GES | C108: 24 | D108: YEKDEM | E108: X
B109: Gülbahar Antalya GES | C109: 24 | D109: YEKDEM | E109: X
B110: Gülbahar Antalya 2 GES | C110: 0.98 | D110: YEKDEM | E110: X
B111: Menekşe RES | C111: 24 | D111: PTF | E111: E
B112: Uluder Kahramanmaraş 2 GES | C112: 2.05 | D112: YEKDEM | E112: X
B113: Zen Burdur GES | C113: 8.3 | D113: YEKDEM | E113: X
B114: Zen Eskişehir GES | C114: 10.1 | D114: YEKDEM | E114: X
B115: Zen Kırıkkale GES | C115: 4.7 | D115: YEKDEM | E115: X
B116: Zen Kütahya GES | C116: 8.2 | D116: YEKDEM | E116: X
B117: Zen Isparta GES | C117: 7.1 | D117: YEKDEM | E117: X
B118: Zen Uşak GES | C118: 9.6 | D118: YEKDEM | E118: X
B119: Toplam | C119: 178.28
A121: BIOEN | B121: İnegöl Çöp Gazı BES | C121: 2.4 | D121: YEKDEM | E121: E
B122: İnegöl Biyogaz BES | C122: 8.484 | D122: YEKDEM | E122: E
B123: Balıkesir Çöp Gazı GES | C123: 11.31 | D123: YEKDEM | E123: E
B124: Ezine Biyokütle BES | C124: 18.782 | D124: YEKDEM | E124: E
B125: Harmandalı Çöp Gazı BES | C125: 32.34 | D125: YEKDEM | E125: X
B126: Bergama Çöp Gazı BES | C126: 8.484 | D126: YEKDEM | E126: E
B127: Menderes Biyogaz BES | C127: 2.828 | D127: SEPET FİYAT | E127: X
B128: Çine Biyokütle BES | C128: 13.6 | D128: YEKDEM | E128: E
B129: Uşak Biyogaz BES | C129: 4.084 | D129: YEKDEM | E129: E
B130: Sivas Çöp Gazı BES | C130: 2.8 | D130: YEKDEM | E130: E
B131: Orduzu Çöp Gazı BES | C131: 2.4 | D131: PTF | E131: X
B132: Malatya Çöp Gazı BES | C132: 2.4 | D132: PTF | E132: E
B133: Malatya 2 Çöp Gazı BES | C133: 2.828 | D133: YEKDEM | E133: E
B134: İskenderun Çöp Gazı BES | C134: 4.2 | D134: YEKDEM | E134: X
...

Sheet A1YEN
A1: SANTRAL ADI | B1: KURULU GÜCÜ | C1: EIC KODU | D1: ID
A2: Adala Ges | B2: 2.09
A3: Attalos GES | B3: 1.14
A4: Dombaylı GES | B4: 9.65
A5: Esenyazı GES | B5: 4.56
A6: Başıbüyük GES | B6: 10.26
A7: Çorbacılar GES | B7: 2.8
A8: İmamdamı 1 GES | B8: 6.58
A9: İmamdamı 2 GES | B9: 2.24
A10: Ağzıkarahan GES | B10: 2.39
A11: Alanya GES | B11: 4.75
A12: Çubuk GES | B12: 4.7
A13: Yunak GES | B13: =B14-SUM(B2:B12) -> 2.25
A14: Toplam | B14: 53.41

Sheet AKENR
A1: SANTRAL ADI | B1: KURULU GÜCÜ | C1: EIC KODU | D1: ID | E1: SATIŞ FİYATI | F1: SÜRE (YIL SONU) | G1: 1A25 | H1: 2A25 | I1: 3A25 | J1: 4A25 | K1: 5A25 | L1: 6A25 | M1: 7A25 | N1: 8A25 | O1: 9A25 | P1: 10A25 | Q1: 11A25 | R1: 12A25 | S1: 1A26 | T1: 2A26 | U1: 3A26 | V1: 4A26 | W1: 5A26 | X1: 6A26
A2: Erzin DGKÇS | B2: 904 | C2: 40W000000007585S | D2: 1673 | E2: PTF | F2: - | G2: 400037.23 | H2: 284543.7 | I2: 251002.18 | J2: 164507.24 | K2: 130665.2 | L2: 151221.43 | M2: 210865.88 | N2: 191539.2 | O2: 363545.78 | P2: 398333.23 | Q2: 337624.58 | R2: 400834.83 | S2: 444596.71 | T2: 113240.34 | U2: 0 | V2: 46.59 | W2: 251.89 | X2: 1403.1
A3: Bulam HES | B3: 7 | C3: 40W000000003383N | D3: 1011 | E3: PTF | F3: - | G3: 1165.21 | H3: 966.98 | I3: 1690.95 | J3: 2822.49 | K3: 2133.99 | L3: 796.28 | M3: 492.84 | N3: 402.68 | O3: 358.14 | P3: 497.97 | Q3: 546.92 | R3: 792.59 | S3: 775.46 | T3: 3337.11 | U3: 3742.39 | V3: 2633.31 | W3: 1493.32 | X3: 2882.7
A4: Burç Bendi HES | B4: 28 | C4: 40W000000004082W | D4: 3125 | E4: PTF | F4: - | G4: 0 | H4: 0 | I4: 2700.53 | J4: 6169.64 | K4: 3137.59 | L4: 1574.46 | M4: 1160.8 | N4: 630.31 | O4: 688.54 | P4: 1063.72 | Q4: 1263.52 | R4: 1742.25 | S4: 3195.31 | T4: 14388.2 | U4: 13772.51 | V4: 13637.23 | W4: 7465.76 | X4: 8277.55
A5: Uluabat HES | B5: 100 | C5: 40W0000000040621 | D5: 652 | E5: PTF | F5: - | G5: 8643.75 | H5: 11619.11 | I5: 5759.52 | J5: 2251.75 | K5: 13375.12 | L5: 6365.73 | M5: 7500.2 | N5: 10145.38 | O5: 1379.58 | P5: 0 | Q5: 0 | R5: 3206.49 | S5: 32496.04 | T5: 53189.04 | U5: 56636.1 | V5: 51916.8 | W5: 47995.98 | X5: 26788.3
A6: Feke I HES | B6: 30 | C6: 40W000000005631K | D6: 1217 | E6: PTF | F6: - | G6: 3911 | H6: 3502 | I6: 4800 | J6: 9506 | K6: 6984 | L6: 4320 | M6: 3315 | N6: 3089 | O6: 2919 | P6: 3111 | Q6: 3208 | R6: 3356 | S6: 4495 | T6: 13952 | U6: 15838 | V6: 14718 | W6: 10905 | X6: 10078
A7: Feke II HES | B7: 70 | C7: 40W000000004345Q | D7: 1189 | E7: PTF | F7: - | G7: 4782.9 | H7: 4555.27 | I7: 5869.53 | J7: 11286.68 | K7: 8553.81 | L7: 3225.31 | M7: 5591.23 | N7: 3548.36 | O7: 3391.35 | P7: 2451.1 | Q7: 5079.49 | R7: 3190.25 | S7: 6945.33 | T7: 32610.49 | U7: 28654.2 | V7: 38314.8 | W7: 27316.88 | X7: 13708.4
A8: Gökkaya HES | B8: 30 | C8: 40W000000005555A | D8: 1798 | E8: PTF | F8: - | G8: 3808 | H8: 3718 | I8: 4357.39 | J8: 7472 | K8: 6110 | L8: 4064 | M8: 3347 | N8: 2882 | O8: 2731 | P8: 2865 | Q8: 2888 | R8: 3145 | S8: 3776 | T8: 14205.4 | U8: 16125 | V8: 16137.1 | W8: 11580.22 | X8: 9820
A9: Himmetli HES | B9: 27 | C9: 40W000000008278W | D9: 1797 | E9: PTF | F9: - | G9: 3599 | H9: 3254 | I9: 4230.94 | J9: 8393 | K9: 6174 | L9: 3832 | M9: 2805.5 | N9: 2600 | O9: 2429 | P9: 2436.5 | Q9: 2599 | R9: 2781 | S9: 3664.51 | T9: 14505 | U9: 16101 | V9: 15260 | W9: 11032 | X9: 9978
A10: Ayyıldız RES | B10: 28 | C10: 40W000000000761W | D10: 1519 | E10: PTF | F10: - | G10: 6766.96 | H10: 7403.36 | I10: 7575.27 | J10: 5934.37 | K10: 4363.11 | L10: 5430.04 | M10: 8760.72 | N10: 13264.23 | O10: 8796.3 | P10: 4235.96 | Q10: 5651.19 | R10: 4361.45 | S10: 11242.27 | T10: 7319.19 | U10: 7876.2 | V10: 4121.56 | W10: 1016.45 | X10: 5693.72
A11: Toplam | B11: =SUM(B2:B10) -> 1224 | G11: 432714.05 | H11: 319562.42 | I11: 287986.31 | J11: 218343.17 | K11: 181496.82 | L11: 180829.25 | M11: 243839.17 | N11: 228101.16 | O11: 386238.69 | P11: 414994.48 | Q11: 358860.7 | R11: 423409.86 | S11: 511186.63 | T11: 266746.77 | U11: 158745.4 | V11: 156785.39 | W11: 119057.5 | X11: 88629.77
A14: HES Geçen Yılın Aynı Dönemine Göre Değişim | S14: =(SUM(S3:S9)/SUM(G3:G9))-1 -> 1.1361617 | T14: =(SUM(T3:T9)/SUM(H3:H9))-1 -> 4.2936931 | U14: =(SUM(U3:U9)/SUM(I3:I9))-1 -> 4.1300594 | V14: =(SUM(V3:V9)/SUM(J3:J9))-1 -> 2.1860599 | W14: =(SUM(W3:W9)/SUM(K3:K9))-1 -> 1.5348168 | X14: =(SUM(X3:X9)/SUM(L3:L9))-1 -> 2.3722265
A15: HES Kümülatif Değişim | T15: =((SUM(S3:T9))/(SUM(G3:H9)))-1 -> 2.7652324 | U15: =((SUM(S3:U9))/(SUM(G3:I9)))-1 -> 3.2492072 | V15: =((SUM(S3:V9))/(SUM(G3:J9)))-1 -> 2.8599676 | W15: =((SUM(S3:W9))/(SUM(G3:K9)))-1 -> 2.5126673 | X15: =((SUM(S3:X9))/(SUM(G3:L9)))-1 -> 2.4958144
A16: RES Geçen Yılın Aynı Dönemine Göre Değişim | S16: =(S10/G10)-1 -> 0.66134719 | T16: =(T10/H10)-1 -> -0.011369162 | U16: =(U10/I10)-1 -> 0.039725317 | V16: =(V10/J10)-1 -> -0.3054764 | W16: =(W10/K10)-1 -> -0.76703544 | X16: =(X10/L10)-1 -> 0.048559495
A17: RES Kümülatif Değişim | T17: =(SUM(S10:T10)/SUM(G10:H10))-1 -> 0.30988291 | U17: =(SUM(S10:U10)/SUM(G10:I10))-1 -> 0.21577111 | V17: =(SUM(S10:V10)/SUM(G10:J10))-1 -> 0.10401966 | W17: =(SUM(S10:W10)/SUM(G10:K10))-1 -> -0.014586617 | X17: =(SUM(S10:X10)/SUM(G10:L10))-1 -> -0.0054364316
A18: DGKÇS Geçen Yılın Aynı Dönemine Göre Değişim | S18: =(S2/G2)-1 -> 0.11138833 | T18: =(T2/H2)-1 -> -0.6020283 | U18: =(U2/I2)-1 -> -1 | V18: =(V2/J2)-1 -> -0.99971679 | W18: =(W2/K2)-1 -> -0.99807225 | X18: =(X2/L2)-1 -> -0.99072155
A19: DGKÇS Kümülatif Değişim | T19: =(SUM(S2:T2)/SUM(G2:H2))-1 -> -0.18514083 | U19: =(SUM(S2:U2)/SUM(G2:I2))-1 -> -0.40375468 | V19: =(SUM(S2:V2)/SUM(G2:J2))-1 -> -0.49287471 | W19: =(SUM(S2:W2)/SUM(G2:K2))-1 -> -0.54650984 | X19: =(SUM(S2:X2)/SUM(G2:L2))-1 -> -0.59511726
A20: Toplamın Geçen Yılın Aynı Dönemine Göre Değişimi | S20: =(S11/G11)-1 -> 0.18134974 | T20: =(T11/H11)-1 -> -0.16527491 | U20: =(U11/I11)-1 -> -0.44877449 | V20: =(V11/J11)-1 -> -0.28193133 | W20: =(W11/K11)-1 -> -0.34402432 | X20: =(X11/L11)-1 -> -0.50987039
A21: Toplam Kümülatif Değişimi | T21: =(SUM(S11:T11)/SUM(G11:H11))-1 -> 0.034105719 | U21: =(SUM(S11:U11)/SUM(G11:I11))-1 -> -0.099574821 | V21: =(SUM(S11:V11)/SUM(G11:J11))-1 -> -0.13121006 | W21: =(SUM(S11:W11)/SUM(G11:K11))-1 -> -0.15803114 | X21: =(SUM(S11:X11)/SUM(G11:L11))-1 -> -0.19728191
A23: SANTRALLERİN DOLAR BAZLI GELİRLERİ | B23: Sütun1 | C23: Sütun2 | D23: Sütun3 | E23: Sütun4 | F23: Sütun5 | G23: 1A25 | H23: 2A25 | I23: 3A25 | J23: 4A25 | K23: 5A25 | L23: 6A25 | M23: 7A25 | N23: 8A25 | O23: 9A25 | P23: 10A25 | Q23: 11A25 | R23: 12A25 | S23: 1A26 | T23: 2A26 | U23: 3A26 | V23: 4A26 | W23: 5A26 | X23: 6A26
A24: Erzin DGKÇS | G24: =G41*G2 -> 28658667 | H24: =H41*H2 -> 19784323 | I24: =I41*I2 -> 14999890 | J24: =J41*J2 -> 10781805 | K24: =K41*K2 -> 8366492.8 | L24: =L41*L2 -> 8612060.4 | M24: =M41*M2 -> 15679987 | N24: =N41*N2 -> 13892338 | ... X24: =X41*X2 -> 40802.148
A25: Bulam HES | G25: =G41*G3 -> 83475.644 | H25: =H41*H3 -> 67234.119 | I25: =I41*I3 -> 101051.17 | J25: =J41*J3 -> 184985.99 | K25: =K41*K3 -> 136639.38 | L25: =L41*L3 -> 45348.146 | M25: =M41*M3 -> 36647.582 | N25: =N41*N3 -> 29206.38 | ... X25: =X41*X3 -> 83828.916
A26: Burç Bendi HES | G26: =G41*G4 -> 0 | H26: =H41*H4 -> 0 | I26: =I41*I4 -> 161383.67 | J26: =J41*J4 -> 404358.21 | K26: =K41*K4 -> 200899.89 | L26: =L41*L4 -> 89665.497 | M26: =M41*M4 -> 86317.088 | N26: =N41*N4 -> 45716.384 | ... X26: =X41*X4 -> 240711.15
A27: Uluabat HES | G27: =G41*G5 -> 619238.25 | H27: =H41*H5 -> 807876.72 | I27: =I41*I5 -> 344188.92 | J27: =J41*J5 -> 147579.7 | K27: =K41*K5 -> 856408.93 | L27: =L41*L5 -> 362528.32 | M27: =M41*M5 -> 557714.87 | N27: =N41*N5 -> 735844.41 | ... X27: =X41*X5 -> 779003.76
A28: Feke I HES | G28: =G41*G6 -> 280184.04 | H28: =H41*H6 -> 243494.06 | I28: =I41*I6 -> 286848 | J28: =J41*J6 -> 623023.24 | K28: =K41*K6 -> 447185.52 | L28: =L41*L6 -> 246024 | M28: =M41*M6 -> 246503.4 | N28: =N41*N6 -> 224045.17 | ... X28: =X41*X6 -> 293068.24
A29: Feke II HES | G29: =G41*G7 -> 342646.96 | H29: =H41*H7 -> 316727.92 | I29: =I41*I7 -> 350763.11 | J29: =J41*J7 -> 739729.01 | K29: =K41*K7 -> 547700.45 | L29: =L41*L7 -> 183681.4 | M29: =M41*M7 -> 415763.86 | N29: =N41*N7 -> 257362.55 | ... X29: =X41*X7 -> 398640.27
A30: Gökkaya HES | G30: =G41*G8 -> 272805.12 | H30: =H41*H8 -> 258512.54 | I30: =I41*I8 -> 260397.63 | J30: =J41*J8 -> 489714.88 | K30: =K41*K8 -> 391223.3 | L30: =L41*L8 -> 231444.8 | M30: =M41*M8 -> 248882.92 | N30: =N41*N8 -> 209031.46 | ... X30: =X41*X8 -> 285565.6
A31: Himmetli HES | G31: =G41*G9 -> 257832.36 | H31: =H41*H9 -> 226250.62 | I31: =I41*I9 -> 252840.97 | J31: =J41*J9 -> 550077.22 | K31: =K41*K9 -> 395321.22 | L31: =L41*L9 -> 218232.4 | M31: =M41*M9 -> 208616.98 | N31: =N41*N9 -> 188578 | ... X31: =X41*X9 -> 290160.24
A32: Ayyıldız RES | G32: =G41*G10 -> 484785.01 | H32: =H41*H10 -> 514755.62 | I32: =I41*I10 -> 452698.14 | J32: =J41*J10 -> 388938.61 | K32: =K41*K10 -> 279369.93 | L32: =L41*L10 -> 309240.78 | M32: =M41*M10 -> 651447.14 | N32: =N41*N10 -> 962054.6 | ... X32: =X41*X10 -> 165573.38
A33: Toplam | G33: =G41*G11 -> 30999635 | H33: =SUM(H24:H32) -> 22219175 | I33: =SUM(I24:I32) -> 17210062 | J33: =SUM(J24:J32) -> 14310211 | K33: =SUM(K24:K32) -> 11621241 | L33: =SUM(L24:L32) -> 10298226 | M33: =SUM(M24:M32) -> 18131881 | N33: =SUM(N24:N32) -> 16544177 | O33: =SUM(O24:O32) -> 25928203 | ... X33: =SUM(X24:X32) -> 2577353.7
A35: ÇEYREKLİK GELİR | I35: =G33+H33+I33 -> 70428871 | L35: =J33+K33+L33 -> 36229679 | O35: =M33+N33+O33 -> 60604261 | R35: =P33+Q33+R33 -> 81366876 | U35: =S33+T33+U33 -> 54109546 | X35: =V33+W33+X33 -> 8425771.9
A36: ÖNCEKİ ÇEYREĞE GÖRE DEĞİŞİM | L36: =(L35/I35)-1 -> -0.48558485 | O36: =(O35/L35)-1 -> 0.67277943 | R36: =(R35/O35)-1 -> 0.34259333 | U36: =(U35/R35)-1 -> -0.33499295 | X36: =(X35/U35)-1 -> -0.84428308
A37: GEÇEN YILIN AYNI DÖNEMİNE GÖRE DEĞİŞİM | U37: =(U35/I35)-1 -> -0.23171357 | X37: =(X35/L35)-1 -> -0.76743454
A40: DOLAR | G40: 1A25 | H40: 2A25 | I40: 3A25 | J40: 4A25 | K40: 5A25 | L40: 6A25 | M40: 7A25 | N40: 8A25 | O40: 9A25 | P40: 10A25 | Q40: 11A25 | R40: 12A25 | S40: 1A26 | T40: 2A26 | U40: 3A26 | V40: 4A26 | W40: 5A26 | X40: 6A26
A41: PTF FİYATI | G41: =PTF!B8 -> 71.64 | H41: =PTF!C8 -> 69.53 | I41: =PTF!D8 -> 59.76 | J41: =PTF!E8 -> 65.54 | K41: =PTF!F8 -> 64.03 | L41: =PTF!G8 -> 56.95 | M41: =PTF!H8 -> 74.36 | N41: =PTF!I8 -> 72.53 | ... X41: =PTF!S8 -> 29.08
A43: SANTRALLERİN TL BAZLI GETİRİLERİ | B43: Sütun1 | C43: Sütun2 | D43: Sütun3 | E43: Sütun4 | F43: Sütun5 | G43: 1A25 | H43: 2A25 | I43: 3A25 | J43: 4A25 | K43: 5A25 | L43: 6A25 | M43: 7A25 | N43: 8A25 | O43: 9A25 | P43: 10A25 | Q43: 11A25 | R43: 12A25 | S43: 1A26 | T43: 2A26 | U43: 3A26 | V43: 4A26 | W43: 5A26 | X43: 6A26
A44: Erzin DGKÇS | G44: =$G$60*G24 -> 1.0168095e+09 | H44: =$H$60*H24 -> 7.1460976e+08 | I44: =$I$60*I24 -> 5.5559594e+08 | J44: =$J$60*J24 -> 4.1024766e+08 | K44: =$K$60*K24 -> 3.239506e+08 | L44: =$L$60*L24 -> 3.3905682e+08 | M44: =$M$60*M24 -> 6.2939467e+08 | N44: =$N$60*N24 -> 5.6611278e+08 | O44: =$O$60*O24 -> 1.0064551e+09 | P44: =$P$60*P24 -> 1.1022637e+09 | Q44: =$Q$60*Q24 -> 9.5160771e+08 | R44: =$R$60*R24 -> 1.2058178e+09 | S44: =$S$60*S24 -> 1.3042333e+09 | T44: =$T$60*T24 -> 2.4292045e+08 | U44: =$U$60*U24 -> 0 | V44: =$V$60*V24 -> 49876.123 | W44: =$W$60*W24 -> 200750.08 | X44: =$X$60*X24 -> 1883835.2
A45: Bulam HES | G45: =$G$60*G25 -> 2961715.9 | H45: =$H$60*H25 -> 2428496.4 | I45: =$I$60*I25 -> 3742935.4 | J45: =$J$60*J25 -> 7038717.1 | K45: =$K$60*K25 -> 5290676.8 | L45: =$L$60*L25 -> 1785356.5 | M45: =$M$60*M25 -> 1471034 | N45: =$N$60*N25 -> 1190160 | O45: =$O$60*O25 -> 991489.53 | P45: =$P$60*P25 -> 1377977.6 | Q45: =$Q$60*Q25 -> 1541514.8 | R45: =$R$60*R25 -> 2384321.5 | S45: =$S$60*S25 -> 2274827.4 | T45: =$T$60*T25 -> 7158687.9 | U45: =$U$60*U25 -> 6474495.6 | V45: =$V$60*V25 -> 2819044.7 | W45: =$W$60*W25 -> 1190139 | X45: =$X$60*X25 -> 3870381.1
A46: Burç Bendi HES | G46: =$G$60*G26 -> 0 | H46: =$H$60*H26 -> 0 | I46: =$I$60*I26 -> 5977651.2 | J46: =$J$60*J26 -> 15385830 | K46: =$K$60*K26 -> 7778843.7 | L46: =$L$60*L26 -> 3530130.6 | M46: =$M$60*M26 -> 3464767.9 | N46: =$N$60*N26 -> 1862942.7 | O46: =$O$60*O26 -> 1906182.5 | P46: =$P$60*P26 -> 2943515.3 | Q46: =$Q$60*Q26 -> 3561279.1 | R46: =$R$60*R26 -> 5241151.4 | S46: =$S$60*S26 -> 9373505.8 | T46: =$T$60*T26 -> 30865220 | U46: =$U$60*U26 -> 23827035 | V46: =$V$60*V26 -> 14599102 | W46: =$W$60*W26 -> 5950025.6 | X46: =$X$60*X26 -> 11113634
A47: Uluabat HES | G47: =$G$60*G27 -> 21970573 | H47: =$H$60*H27 -> 29180507 | I47: =$I$60*I27 -> 12748757 | J47: =$J$60*J27 -> 5615407.4 | K47: =$K$60*K27 -> 33160154 | L47: =$L$60*L27 -> 14272740 | M47: =$M$60*M27 -> 22386675 | N47: =$N$60*N27 -> 29985660 | O47: =$O$60*O27 -> 3819286.1 | P47: =$P$60*P27 -> 0 | Q47: =$Q$60*Q27 -> 0 | R47: =$R$60*R27 -> 9645974.8 | S47: =$S$60*S27 -> 95327783 | T47: =$T$60*T27 -> 1.1409985e+08 | U47: =$U$60*U27 -> 97982888 | V47: =$V$60*V27 -> 55578637 | W47: =$W$60*W27 -> 38251606 | X47: =$X$60*X27 -> 35966604
A48: Feke I HES | G48: =$G$60*G28 -> 9940929.7 | H48: =$H$60*H28 -> 8795005.4 | I48: =$I$60*I28 -> 10624850 | J48: =$J$60*J28 -> 23706034 | K48: =$K$60*K28 -> 17315023 | L48: =$L$60*L28 -> 9685964.9 | M48: =$M$60*M28 -> 9894646.5 | N48: =$N$60*N28 -> 9129840.7 | O48: =$O$60*O28 -> 8081079.9 | P48: =$P$60*P28 -> 8608728.1 | Q48: =$Q$60*Q28 -> 9041869.9 | R48: =$R$60*R28 -> 10095741 | S48: =$S$60*S28 -> 13186172 | T48: =$T$60*T28 -> 29929494 | U48: =$U$60*U28 -> 27400421 | V48: =$V$60*V28 -> 15756102 | W48: =$W$60*W28 -> 8691014.6 | X48: =$X$60*X28 -> 13530961
A49: Feke II HES | G49: =$G$60*G29 -> 12157114 | H49: =$H$60*H29 -> 11440213 | I49: =$I$60*I29 -> 12992266 | J49: =$J$60*J29 -> 28146689 | K49: =$K$60*K29 -> 21206962 | L49: =$L$60*L29 -> 7231536.9 | M49: =$M$60*M29 -> 16688761 | N49: =$N$60*N29 -> 10487524 | O49: =$O$60*O29 -> 9388753.1 | P49: =$P$60*P29 -> 6782659.4 | Q49: =$Q$60*Q29 -> 14316736 | R49: =$R$60*R29 -> 9597120.6 | S49: =$S$60*S29 -> 20374264 | T49: =$T$60*T29 -> 69955237 | U49: =$U$60*U29 -> 49572998 | V49: =$V$60*V29 -> 41017250 | W49: =$W$60*W29 -> 21770876 | X49: =$X$60*X29 -> 18405221
A50: Gökkaya HES | G50: =$G$60*G30 -> 9679125.7 | H50: =$H$60*H30 -> 9337472.9 | I50: =$I$60*I30 -> 9645128.1 | J50: =$J$60*J30 -> 18633651 | K50: =$K$60*K30 -> 15148166 | L50: =$L$60*L30 -> 9111981.8 | M50: =$M$60*M30 -> 9990160.4 | N50: =$N$60*N30 -> 8518032 | O50: =$O$60*O30 -> 7560612.9 | P50: =$P$60*P30 -> 7927999.4 | Q50: =$Q$60*Q30 -> 8139937.7 | R50: =$R$60*R30 -> 9460996.6 | S50: =$S$60*S30 -> 11076972 | T50: =$T$60*T30 -> 30473082 | U50: =$U$60*U30 -> 27896943 | V50: =$V$60*V30 -> 17275295 | W50: =$W$60*W30 -> 9229148.2 | X50: =$X$60*X30 -> 13184564
A51: Himmetli HES | G51: =$G$60*G31 -> 9147892.1 | H51: =$H$60*H31 -> 8172172.4 | I51: =$I$60*I31 -> 9365229.7 | J51: =$J$60*J31 -> 20930438 | K51: =$K$60*K31 -> 15306838 | L51: =$L$60*L31 -> 8591809.6 | M51: =$M$60*M31 -> 8373885.6 | N51: =$N$60*N31 -> 7684553.5 | O51: =$O$60*O31 -> 6724543.7 | P51: =$P$60*P31 -> 6742258.4 | Q51: =$Q$60*Q31 -> 7325380.3 | R51: =$R$60*R31 -> 8365987.7 | S51: =$S$60*S31 -> 10749913 | T51: =$T$60*T31 -> 31115776 | U51: =$U$60*U31 -> 27855422 | V51: =$V$60*V31 -> 16336331 | W51: =$W$60*W31 -> 8792230.4 | X51: =$X$60*X31 -> 13396698
A52: Ayyıldız RES | G52: =$G$60*G32 -> 17200172 | H52: =$H$60*H32 -> 18592973 | I52: =$I$60*I32 -> 16767939 | J52: =$J$60*J32 -> 14799114 | K52: =$K$60*K32 -> 10817204 | L52: =$L$60*L32 -> 12174809 | M52: =$M$60*M32 -> 26149088 | N52: =$N$60*N32 -> 39203725 | O52: =$O$60*O32 -> 24352039 | P52: =$P$60*P32 -> 11721706 | Q52: =$Q$60*Q32 -> 15928094 | R52: =$R$60*R32 -> 13120402 | S52: =$S$60*S32 -> 32979424 | T52: =$T$60*T32 -> 15700950 | U52: =$U$60*U32 -> 13626165 | V52: =$V$60*V32 -> 4412265.2 | W52: =$W$60*W32 -> 810085.44 | X52: =$X$60*X32 -> 7644522.8
A53: Toplam | G53: =SUM(G44:G52) -> 1.099867e+09 | H53: =SUM(H44:H52) -> 8.025566e+08 | I53: =SUM(I44:I52) -> 6.3746069e+08 | J53: =SUM(J44:J52) -> 5.4450354e+08 | K53: =SUM(K44:K52) -> 4.4997447e+08 | L53: =SUM(L44:L52) -> 4.0544115e+08 | M53: =SUM(M44:M52) -> 7.2781369e+08 | N53: =SUM(N44:N52) -> 6.7417522e+08 | ... U53: =SUM(U44:U52) -> 2.7463637e+08 | V53: =$V$60*V33 -> 1.678439e+08 | W53: =$W$60*W33 -> 94885875 | X53: =$X$60*X33 -> 1.1899642e+08
A55: ÇEYREKLİK GELİR | I55: =SUM(G53:I53) -> 2.5398843e+09 | L55: =SUM(J53:L53) -> 1.3999192e+09 | O55: =SUM(M53:O53) -> 2.471268e+09 | R55: =SUM(P53:R53) -> 3.4335606e+09 | U55: =SUM(S53:U53) -> 2.3464313e+09 | X55: =SUM(V53:X53) -> 3.817262e+08
A56: ÖNCEKİ ÇEYREĞE GÖRE DEĞİŞİM | L56: =(L55/I55)-1 -> -0.44882562 | O56: =(O55/L55)-1 -> 0.76529337 | R56: =(R55/O55)-1 -> 0.38939223 | U56: =(U55/R55)-1 -> -0.31661864 | X56: =(X55/U55)-1 -> -0.83731627
A57: GEÇEN YILIN AYNI DÖNEMİNE GÖRE DEĞİŞİM | U57: =(U55/I55)-1 -> -0.076166073 | X57: =(X55/L55)-1 -> -0.72732268
A59: AYLIK ORT | G59: 1A25 | H59: 2A25 | I59: 3A25 | J59: 4A25 | K59: 5A25 | L59: 6A25 | M59: 7A25 | N59: 8A25 | O59: 9A25 | P59: 10A25 | Q59: 11A25 | R59: 12A25 | S59: 1A26 | T59: 2A26 | U59: 3A26 | V59: 4A26 | W59: 5A26 | X59: 6A26
A60: DOLAR | G60: =PTF!B5 -> 35,48 | H60: =PTF!C5 -> 36.12 | I60: =PTF!D5 -> 37.04 | J60: =PTF!E5 -> 38.05 | K60: =PTF!F5 -> 38.72 | L60: =PTF!G5 -> 39.37 | M60: =PTF!H5 -> 40.14 | N60: =PTF!I5 -> 40.75 | ... X60: =PTF!S5 -> 46.17
A65: AKENR | B65: 1A25 | C65: 2A25 | D65: 3A25 | E65: 4A25 | F65: 5A25 | G65: 6A25 | H65: 7A25 | I65: 8A25 | J65: 9A25 | K65: 10A25 | L65: 11A25 | M65: 12A25 | N65: 1A26 | O65: 2A26 | P65: 3A26 | Q65: 4A26 | R65: 5A26 | S65: 6A26
A66: HES ÜRETİM | B66: =SUM(G3:G9) -> 25909.86 | C66: =SUM(H3:H9) -> 27615.36 | D66: =SUM(I3:I9) -> 29408.86 | E66: =SUM(J3:J9) -> 47901.56 | F66: =SUM(K3:K9) -> 46468.51 | G66: =SUM(L3:L9) -> 24177.78 | H66: =SUM(M3:M9) -> 24212.57 | I66: =SUM(N3:N9) -> 23297.73 | ... S66: =SUM(X3:X9) -> 81532.95
A67: RES ÜRETİM | B67: =G10 -> 6766.96 | C67: =H10 -> 7403.36 | D67: =I10 -> 7575.27 | E67: =J10 -> 5934.37 | F67: =K10 -> 4363.11 | G67: =L10 -> 5430.04 | H67: =M10 -> 8760.72 | I67: =N10 -> 13264.23 | ... S67: =X10 -> 5693.72
A68: DGKÇS ÜRETİM | B68: =G2 -> 400037.23 | C68: =H2 -> 284543.7 | D68: =I2 -> 251002.18 | E68: =J2 -> 164507.24 | F68: =K2 -> 130665.2 | G68: =L2 -> 151221.43 | H68: =M2 -> 210865.88 | I68: =N2 -> 191539.2 | ... S68: =X2 -> 1403.1
A69: TOPLAM | B69: =SUM(B66:B68) -> 432714.05 | C69: =SUM(C66:C68) -> 319562.42 | D69: =SUM(D66:D68) -> 287986.31 | E69: =SUM(E66:E68) -> 218343.17 | F69: =SUM(F66:F68) -> 181496.82 | G69: =SUM(G66:G68) -> 180829.25 | H69: =SUM(H66:H68) -> 243839.17 | I69: =SUM(I66:I68) -> 228101.16 | ... S69: =SUM(S66:S68) -> 88629.77
A71: AKENR | B71: 1Q25 | C71: 2Q25 | D71: 3Q25 | E71: 4Q25 | F71: 1Q26 | G71: 2Q26
A72: HES ÜRETİM | B72: =SUM(B66:D66) -> 82934.08 | C72: =SUM(E66:G66) -> 118547.85 | D72: =SUM(H66:J66) -> 61406.91 | E72: =SUM(K66:M66) -> 46223.8 | F72: =SUM(N66:P66) -> 352404.09 | G72: =SUM(Q66:S66) -> 351939.35
A73: RES ÜRETİM | B73: =SUM(B67:D67) -> 21745.59 | C73: =SUM(E67:G67) -> 15727.52 | D73: =SUM(H67:J67) -> 30821.25 | E73: =SUM(K67:M67) -> 14248.6 | F73: =SUM(N67:P67) -> 26437.66 | G73: =SUM(Q67:S67) -> 10831.73
A74: DGKÇS ÜRETİM | B74: =SUM(B68:D68) -> 935583.11 | C74: =SUM(E68:G68) -> 446393.87 | D74: =SUM(H68:J68) -> 765950.86 | E74: =SUM(K68:M68) -> 1136792.6 | F74: =SUM(N68:P68) -> 557837.05 | G74: =SUM(Q68:S68) -> 1701.58
A75: TOPLAM | B75: =SUM(B69:D69) -> 1040262.8 | C75: =SUM(E69:G69) -> 580669.24 | D75: =SUM(H69:J69) -> 858179.02 | E75: =SUM(K69:M69) -> 1197265 | F75: =SUM(N69:P69) -> 936678.8 | G75: =SUM(Q69:S69) -> 364472.66

Sheet AKFYE
A1: {=A1:M37SANTRAL ADI} -> #NAME? | B1: KURULU GÜCÜ | C1: EIC KODU | D1: ID | E1: SATIŞ FIYATI | F1: YIL (SENE SONU) | H1: SANTRAL ADI | I1: KURULU GÜCÜ | J1: EIC KODU | K1: ID | L1: SATIŞ FİYATI | M1: SÜRE (YIL SONU) | N1: 1A25 | O1: 2A25 | P1: 3A25 | Q1: 4A25 | R1: 5A25 | S1: 6A25 | T1: 7A25 | U1: 8A25 | V1: 9A25 | W1: 10A25 | X1: 11A25 | Y1: 12A25 | Z1: 1A26 | AA1: 2A26 | AB1: 3A26 | AC1: 4A26 | AD1: 5A26 | AE1: 6A26
A2: Sırma HES | B2: 6.66 | C2: 40W000000000692P | D2: 1479 | E2: PTF | F2: - | H2: Sırma HES | I2: 6.66 | J2: 40W000000000692P | K2: 1479 | L2: PTF | M2: - | N2: 0 | O2: 0 | P2: 0 | Q2: 0 | R2: 0 | S2: 1783.2 | T2: 3565.35 | U2: 236.8 | V2: 0 | W2: 0 | X2: 0 | Y2: 0 | Z2: 0 | AA2: 0 | AB2: 536.7 | AC2: 1481.96 | AD2: 436.65 | AE2: 2303.3
A3: Çamlıca III HES | B3: 28.48 | C3: 40W000000004467C | D3: 919 | E3: PTF | F3: - | H3: Çamlıca III HES | I3: 28.48 | J3: 40W000000004467C | K3: 919 | L3: PTF | M3: - | N3: 1971.1 | O3: 839.8 | P3: 1476.7 | Q3: 1491.4 | R3: 1597.6 | S3: 1327.6 | T3: 988.8 | U3: 1138.3 | V3: 1650.1 | W3: 393.2 | X3: 560.4 | Y3: 735.6 | Z3: 1048.9 | AA3: 4675.5 | AB3: 5132.6 | AC3: 8171.3 | AD3: 12244.67 | AE3: 9130.1
A4: Saraçbendi HES | B4: 26.28 | C4: 40W000000004815F | D4: 920 | E4: PTF | F4: - | H4: Saraçbendi HES | I4: 26.28 | J4: 40W000000004815F | K4: 920 | L4: PTF | M4: - | N4: 1613.17 | O4: 1535.83 | P4: 5095.11 | Q4: 11098.17 | R4: 9297.52 | S4: 2707.54 | T4: 631.89 | U4: 0 | V4: 123.43 | W4: 433.77 | X4: 1552.56 | Y4: 2582.36 | Z4: 3026.74 | AA4: 11880.73 | AB4: 12929.92 | AC4: 10562.16 | AD4: 6762.42 | AE4: 9734.47
A5: Otluca HES | B5: 48.77 | C5: 40W0000000045694 | D5: 1186 | E5: PTF | F5: - | H5: Otluca HES | I5: 48.77 | J5: 40W0000000045694 | K5: 1186 | L5: PTF | M5: - | N5: 14670.3 | O5: 5749.7 | P5: 11029.16 | Q5: 14418.99 | R5: 5635.4 | S5: 2606.57 | T5: 2255.2 | U5: 1579.7 | V5: 892.8 | W5: 1036.5 | X5: 1641.8 | Y5: 8699.8 | Z5: 19123.05 | AA5: 26463.28 | AB5: 22069.09 | AC5: 15586.67 | AD5: 7256.94 | AE5: 15212.08
A6: Demirciler HES | B6: 8.7 | C6: 40W000000005670A | D6: 1465 | E6: PTF | F6: - | H6: Demirciler HES | I6: 8.7 | J6: 40W000000005670A | K6: 1465 | L6: PTF | M6: - | N6: 3735.32 | O6: 1301.76 | P6: 709.99 | Q6: 2947.06 | R6: 1366.86 | S6: 383.35 | T6: 100.78 | U6: 52.57 | V6: 74 | W6: 469.02 | X6: 447.83 | Y6: 1527.29 | Z6: 3488.33 | AA6: 5186.02 | AB6: 2724.87 | AC6: 2522.04 | AD6: 823.12 | AE6: 832.75
A7: Yağmur HES | B7: 9.19 | C7: 40W000000005830E | D7: 1364 | E7: PTF | F7: - | H7: Yağmur HES | I7: 9.19 | J7: 40W000000005830E | K7: 1364 | L7: PTF | M7: - | N7: 1047.4 | O7: 809.78 | P7: 4544.73 | Q7: 5297.17 | R7: 2807.56 | S7: 843.86 | T7: 575.6 | U7: 497.93 | V7: 1852.79 | W7: 1679.51 | X7: 571.74 | Y7: 1153.38 | Z7: 2050.39 | AA7: 2365.26 | AB7: 2841.38 | AC7: 2800 | AD7: 1653.61 | AE7: 1673.23
A8: Kavakçalı HES | B8: 11.45 | C8: 40W000000006299Y | D8: 1461 | E8: PTF | F8: - | H8: Kavakçalı HES | I8: 11.45 | J8: 40W000000006299Y | K8: 1461 | L8: PTF | M8: - | N8: 6379.1 | O8: 2185.46 | P8: 1441.23 | Q8: 3970.51 | R8: 2775.63 | S8: 945.68 | T8: 567.72 | U8: 600.67 | V8: 469.31 | W8: 1038.76 | X8: 747.24 | Y8: 2001.44 | Z8: 4280.02 | AA8: 6389.28 | AB8: 3875.18 | AC8: 3260.28 | AD8: 865.75 | AE8: 1041.27
A9: Gelinkaya HES | B9: 7.08 | C9: 40W0000000066365 | D9: 1634 | E9: PTF | F9: - | H9: Gelinkaya HES | I9: 7.08 | J9: 40W0000000066365 | K9: 1634 | L9: PTF | M9: - | N9: 394.14 | O9: 284.74 | P9: 812.71 | Q9: 3149.52 | R9: 3820.48 | S9: 170.15 | T9: 0 | U9: 0 | V9: 0 | W9: 66.07 | X9: 215.17 | Y9: 445.23 | Z9: 370 | AA9: 482.98 | AB9: 542.42 | AC9: 825.45 | AD9: 1049.7 | AE9: 1191.61
A10: Doğançay HES | B10: 31.61 | C10: 40W000000011102O | D10: 2168 | E10: PTF | F10: - | H10: Doğançay HES | I10: 31.61 | J10: 40W000000011102O | K10: 2168 | L10: PTF | M10: - | N10: 4898.75 | O10: 2475.86 | P10: 3160.82 | Q10: 7615.87 | R10: 9656.05 | S10: 2953.8 | T10: 202.66 | U10: 0 | V10: 0.99 | W10: 0 | X10: 410.59 | Y10: 1380.99 | Z10: 7912.18 | AA10: 30015.67 | AB10: 34475.76 | AC10: 35030.7 | AD10: 31353.14 | AE10: 14630.6
A11: Doruk HES | B11: 28.89 | C11: 40W000000008180C | D11: 1666 | E11: PTF | F11: - | H11: Doruk HES | I11: 28.89 | J11: 40W000000008180C | K11: 1666 | L11: PTF | M11: - | N11: 223.48 | O11: 180.18 | P11: 8108.39 | Q11: 16278.7 | R11: 18201.31 | S11: 7351.71 | T11: 1488.6 | U11: 432.96 | V11: 612.8 | W11: 2190.72 | X11: 4198.15 | Y11: 3672.38 | Z11: 973.75 | AA11: 2181.33 | AB11: 2729.57 | AC11: 6927.21 | AD11: 5197.89 | AE11: 12392.07
A12: Sekiyaka HES | B12: 3.53 | C12: 40W000000007478T | D12: 1678 | E12: PTF | F12: - | H12: Sekiyaka HES | I12: 3.53 | J12: 40W000000007478T | K12: 1678 | L12: PTF | M12: - | N12: 1923.85 | O12: 1570.54 | P12: 1471.7 | Q12: 1326.9 | R12: 1123.2 | S12: 805.1 | T12: 792 | U12: 833.86 | V12: 776 | W12: 1304.4 | X12: 1180.8 | Y12: 1258.6 | Z12: 1539.4 | AA12: 1752.1 | AB12: 1903.76 | AC12: 1025.5 | AD12: 1070.7 | AE12: 1637.9
A13: Çalıkobası HES | B13: 18.11 | C13: 40W000000011282X | D13: 2204 | E13: 73 | F13: 2027 | H13: Çalıkobası HES | I13: 18.11 | J13: 40W000000011282X | K13: 2204 | L13: 73 | M13: 2027 | N13: 768.72 | O13: 364.75 | P13: 6347.09 | Q13: 7435.57 | R13: 3593.17 | S13: 1447.6 | T13: 348.89 | U13: 92.44 | V13: 664.64 | W13: 834.74 | X13: 2334.13 | Y13: 1563.67 | Z13: 1123.64 | AA13: 3366.34 | AB13: 3083.27 | AC13: 8873.02 | AD13: 11842.19 | AE13: 3208.76
A14: Solentegre GES | B14: 9.62 | C14: 40W000000010590R | D14: 2108 | E14: 133 | F14: 2026 | H14: Solentegre GES | I14: 9.06 | J14: 40W000000010590R | K14: 2108 | L14: 133 | M14: 2026 | N14: 435.79 | O14: 281.02 | P14: 1020.79 | Q14: 1015.38 | R14: 1360.51 | S14: 1700.25 | T14: 1540.19 | U14: 1502.01 | V14: 1326.51 | W14: 1164.58 | X14: 554.95 | Y14: 610.94 | Z14: 248.53 | AA14: 648.54 | AB14: 987.47 | AC14: 1235.23 | AD14: 1201.49 | AE14: 1261.54
A15: Omicron Engil208 GES | B15: 12.1 | C15: 40W000000012347Q | D15: 2321 | E15: 133 | F15: 2028 | H15: Omicron Engil208 GES | I15: 12.1 | J15: 40W000000012347Q | K15: 2321 | L15: 133 | M15: 2028 | N15: 1514.1 | O15: 1145.68 | P15: 1907.08 | Q15: 1759.86 | R15: 2110.93 | S15: 1775.12 | T15: 1937.85 | U15: 1745.2 | V15: 1919.53 | W15: 1797.69 | X15: 1543.78 | Y15: 949.63 | Z15: 825.7 | AA15: 1192.12 | AB15: 1501.17 | AC15: 1541.58 | AD15: 1782.87 | AE15: 1711.36
A16: Omicron Erciş GES | B16: 12.09 | C16: 40W000000012346S | D16: 2322 | E16: 133 | F16: 2028 | H16: Omicron Erciş GES | I16: 12.09 | J16: 40W000000012346S | K16: 2322 | L16: 133 | M16: 2028 | N16: 1471.55 | O16: 1134.06 | P16: 1863.18 | Q16: 1693.46 | R16: 1227.43 | S16: 1575.05 | T16: 1744.36 | U16: 1654.59 | V16: 1936.02 | W16: 1789.19 | X16: 1463.42 | Y16: 924.58 | Z16: 849.17 | AA16: 1202.64 | AB16: 1494.92 | AC16: 1736.58 | AD16: 1983.67 | AE16: 2128.38
A17: Me-Se GES | B17: 12.1 | C17: 40W0000000123500 | D17: 2330 | E17: 133 | F17: 2028 | H17: Me-Se GES | I17: 12.1 | J17: 40W0000000123500 | K17: 2330 | L17: 133 | M17: 2028 | N17: 1077.9 | O17: 1064.6 | P17: 1715.8 | Q17: 1612.8 | R17: 2026 | S17: 2198.1 | T17: 2239.8 | U17: 2252.9 | V17: 1972 | W17: 1709 | X17: 1225.3 | Y17: 843.6 | Z17: 422.2 | AA17: 750.54 | AB17: 1496.48 | AC17: 1636.23 | AD17: 1685.11 | AE17: 2058.68
A18: MT GES | B18: 12.08 | C18: 40W000000012349M | D18: 2331 | E18: 133 | F18: 2028 | H18: MT GES | I18: 12.08 | J18: 40W000000012349M | K18: 2331 | L18: 133 | M18: 2028 | N18: 1305.5 | O18: 1192.96 | P18: 1741.12 | Q18: 1850.5 | R18: 2064.03 | S18: 2188.11 | T18: 2215.96 | U18: 2168.94 | V18: 2000.24 | W18: 1752.22 | X18: 1265.33 | Y18: 801.95 | Z18: 939.25 | AA18: 1064.7 | AB18: 1649.33 | AC18: 1714.47 | AD18: 1750.93 | AE18: 2079.47
A19: Yaysun GES | B19: 12.7 | C19: 40W000000012348O | D19: 2329 | E19: 133 | F19: 2028 | H19: Yaysun GES | I19: 12.08 | J19: 40W000000012348O | K19: 2329 | L19: 133 | M19: 2028 | N19: 1290.13 | O19: 1196.46 | P19: 1720.82 | Q19: 1826.81 | R19: 2063.88 | S19: 2164.51 | T19: 2208.76 | U19: 2120 | V19: 2001.75 | W19: 1761.31 | X19: 1273.41 | Y19: 797.33 | Z19: 889.14 | AA19: 1025.11 | AB19: 1639.74 | AC19: 1725.1 | AD19: 1741.73 | AE19: 2066.02
A20: Psi Engil207 GES | B20: 12.97 | C20: 40W000000013023A | D20: 2442 | E20: 133 | F20: 2029 | H20: Psi Engil207 GES | I20: 12.97 | J20: 40W000000013023A | K20: 2442 | L20: 133 | M20: 2029 | N20: 1664.88 | O20: 1262.27 | P20: 2021.63 | Q20: 1481.15 | R20: 953.6 | S20: 1655.11 | T20: 1300.22 | U20: 1827.48 | V20: 2079.36 | W20: 1942.98 | X20: 873.36 | Y20: 899.74 | Z20: 847.19 | AA20: 1320.56 | AB20: 1531.83 | AC20: 1784.98 | AD20: 1461.59 | AE20: 1953.12
A21: Fırıncı GES | B21: 12.97 | C21: 40W000000015043V | D21: 3080 | E21: 133 | F21: 2030 | H21: Fırıncı GES | I21: 12.97 | J21: 40W000000015043V | K21: 3080 | L21: 133 | M21: 2030 | N21: 952.62 | O21: 1229.25 | P21: 1728.95 | Q21: 1689.42 | R21: 2021.66 | S21: 2450.21 | T21: 2417.79 | U21: 2248.05 | V21: 2118.32 | W21: 1722.28 | X21: 755.64 | Y21: 813.01 | Z21: 541.05 | AA21: 1034.18 | AB21: 1451.21 | AC21: 1690.69 | AD21: 1845.07 | AE21: 2268.41
A22: Denizli GES (3) | B22: 7.42 | C22: 40W000000013743D | D22: 2511 | E22: 133 | F22: 45801 | H22: Sarıtepe RES (1) | I22: 66.6 | J22: 40W000000010062F | K22: 2071 | L22: 73 | M22: 2026 | N22: 5634 | O22: 5598.94 | P22: 10566.6 | Q22: 12493.32 | R22: 19640.61 | S22: 17711.26 | T22: 23564.25 | U22: 24040.81 | V22: 18730.44 | W22: 12376.04 | X22: 4629.36 | Y22: 10229.51 | Z22: 8433.4 | AA22: 10666.26 | AB22: 13286.1 | AC22: 15886.67 | AD22: 19429.63 | AE22: 24368.44
A23: Karine GES | B23: 0.56 | E23: 133 | F23: 46624 | H23: Demirciler RES (2) | I23: 23.3 | J23: 40W0000000100829 | K23: 2076 | L23: 73 | M23: 2026 | N23: 2902.99 | O23: 1838.06 | P23: 4596.94 | Q23: 5550 | R23: 7354.84 | S23: 7285.17 | T23: 8451.93 | U23: 8536.09 | V23: 7268.44 | W23: 5517.61 | X23: 3984 | Y23: 5282.44 | Z23: 4756.84 | AA23: 6623.94 | AB23: 6341.63 | AC23: 6751.11 | AD23: 7604.66 | AE23: 5405.78
A24: Amasya (Boyalı) GES (3) | B24: 11.22 | E24: 133 | F24: 46610 | H24: Kocalar RES | I24: 60.1 | J24: 40W000000012482K | K24: 2397 | L24: 73 | M24: 2029 | N24: 9698.34 | O24: 6391 | P24: 11415.89 | Q24: 7821.75 | R24: 7636.45 | S24: 10508.16 | T24: 11270.25 | U24: 13795.22 | V24: 11775.23 | W24: 5758.37 | X24: 9214.5 | Y24: 11115.61 | Z24: 17072.09 | AA24: 14596.77 | AB24: 19548.88 | AC24: 12625.07 | AD24: 13914.31 | AE24: 19072.94
A25: Tokat (Kuşoturağı GES (3) | B25: 5.58 | E25: 133 | F25: 46678 | H25: Üçpınar RES | I25: 121.8 | J25: 40W000000012663G | K25: 2412 | L25: 73 | M25: 2029 | N25: 29300.83 | O25: 21602.84 | P25: 42499.56 | Q25: 27865.92 | R25: 27701.27 | S25: 34467.91 | T25: 36606.02 | U25: 46084.96 | V25: 38072.95 | W25: 21013.1 | X25: 30420.07 | Y25: 24293.38 | Z25: 40891.62 | AA25: 31383.97 | AB25: 38317.1 | AC25: 25748.39 | AD25: 30786.21 | AE25: 39569.16
A26: Sarıtepe RES (1) | B26: 66.6 | C26: 40W000000010062F | D26: 2071 | E26: 73 | F26: 2026 | H26: Hasanoba RES | I26: 80.5 | J26: 40W000000013004E | K26: 2448 | L26: 73 | M26: 2029 | N26: 11221.36 | O26: 10386.83 | P26: 14897.99 | Q26: 10215.29 | R26: 8869.44 | S26: 12352.16 | T26: 11767.03 | U26: 15113.9 | V26: 11818.18 | W26: 7449.01 | X26: 18833.18 | Y26: 12663.8 | Z26: 29079.88 | AA26: 19717.72 | AB26: 21381.98 | AC26: 14844.64 | AD26: 14113.83 | AE26: 19438.57
A27: Demirciler RES (2) | B27: 23.3 | E27: 73 | F27: 2026 | H27: Denizli RES | I27: 98.8 | J27: 40W000000013163V | K27: 2459 | L27: 73 | M27: 2029 | N27: 20394.19 | O27: 19000.88 | P27: 23676.19 | Q27: 15002.71 | R27: 17546.73 | S27: 16741.73 | T27: 12517.6 | U27: 9951.18 | V27: 16509.68 | W27: 29683.13 | X27: 25677.32 | Y27: 23418.68 | Z27: 39815.16 | AA27: 34373.44 | AB27: 18571.37 | AC27: 20290.58 | AD27: 19542.94 | AE27: 13153.74
A28: Kocalar RES | B28: 60.1 | C28: 40W000000012482K | D28: 2397 | E28: 73 | F28: 2029 | H28: Toplam | N28: 126489.51 | O28: 90623.25 | P28: 165570.17 | Q28: 166908.23 | R28: 162452.16 | S28: 138099.01 | T28: 131299.5 | U28: 138506.56 | V28: 126645.51 | W28: 104883.2 | X28: 115574.03 | Y28: 118664.94 | Z28: 190547.62 | AA28: 220358.98 | AB28: 222043.73 | AC28: 206277.61 | AD28: 199400.82 | AE28: 209523.75
A29: Üçpınar RES | B29: 121.8 | C29: 40W000000012663G | D29: 2412 | E29: 73 | F29: 2029
A30: Hasanoba RES | B30: 80.5 | C30: 40W000000013004E | D30: 2448 | E30: 73 | F30: 2029 | H30: HES Geçen Yılın Aynı Dönemine Göre Değişimi | Z30: =(SUM(Z2:Z13)/SUM(N2:N13))-1 -> 0.19431245 | AA30: =(SUM(AA2:AA13)/SUM(O2:O13))-1 -> 4.477876 | AB30: =(SUM(AB2:AB13)/SUM(P2:P13))-1 -> 1.1006674 | AC30: =(SUM(AC2:AC13)/SUM(Q2:Q13))-1 -> 0.29370213 | AD30: =(SUM(AD2:AD13)/SUM(R2:R13))-1 -> 0.34542089 | AE30: =(SUM(AE2:AE13)/SUM(S2:S13))-1 -> 2.1290251
A31: Denizli RES | B31: 98.8 | C31: 40W000000013163V | D31: 2459 | E31: 73 | F31: 2029 | H31: HES Kümülatif Değişimi | AA31: =(SUM(Z2:AA13)/SUM(N2:O13))-1 -> 1.5434341 | AB31: =(SUM(Z2:AB13)/SUM(N2:P13))-1 -> 1.3460071 | AC31: =(SUM(Z2:AC13)/SUM(N2:Q13))-1 -> 0.89264078 | AD31: =(SUM(Z2:AD13)/SUM(N2:R13))-1 -> 0.75263637 | AE31: =(SUM(Z2:AE13)/SUM(N2:S13))-1 -> 0.87739096
A32: Sarıtepe Hibrit GES | B32: 12.96 | E32: 73 | F32: 2026 | H32: GES Geçen Yılın Aynı Dönemine Göre Değişimi | Z32: =(SUM(Z14:Z21)/SUM(N14:N21))-1 -> -0.42731046 | AA32: =(SUM(AA14:AA21)/SUM(O14:O21))-1 -> -0.03149548 | AB32: =(SUM(AB14:AB21)/SUM(P14:P21))-1 -> -0.14338997 | AC32: =(SUM(AC14:AC21)/SUM(Q14:Q21))-1 -> 0.010478461 | AD32: =(SUM(AD14:AD21)/SUM(R14:R21))-1 -> -0.027160755 | AE32: =(SUM(AE14:AE21)/SUM(S14:S21))-1 -> -0.011427145
A33: Denizli Hibrit GES | B33: 5.76 | C33: 40W000000013163V | D33: 2459 | E33: 73 | F33: 2029 | H33: GES Kümülatif Değişimi | AA33: =(SUM(Z14:AA21)/SUM(N14:O21))-1 -> -0.24250539 | AB33: =(SUM(Z14:AB21)/SUM(N14:P21))-1 -> -0.1999293 | AC33: =(SUM(Z14:AC21)/SUM(N14:Q21))-1 -> -0.13929653 | AD33: =(SUM(Z14:AD21)/SUM(N14:R21))-1 -> -0.11287856 | AE33: =(SUM(Z14:AE21)/SUM(N14:S21))-1 -> -0.091461898
A34: Hasanoba Hibrit GES | B34: 8.41 | C34: 40W000000013004E | D34: 2448 | E34: 73 | F34: 2029 | H34: RES Geçen Yılın Aynı Dönemine Göre Değişimi | Z34: =(SUM(Z22:Z27)/SUM(N22:N27))-1 -> 0.76937416 | AA34: =(SUM(AA22:AA27)/SUM(O22:O27))-1 -> 0.8106252 | AB34: =(SUM(AB22:AB27)/SUM(P22:P27))-1 -> 0.090976327 | AC34: =(SUM(AC22:AC27)/SUM(Q22:Q27))-1 -> 0.21783015 | AD34: =(SUM(AD22:AD27)/SUM(R22:R27))-1 -> 0.18751959 | AE34: =(SUM(AE22:AE27)/SUM(S22:S27))-1 -> 0.22149026
A35: Kocalar Hibrit GES | B35: 4.95 | E35: 73 | F35: 2029 | H35: RES Kümülatif Değişim | AA35: =(SUM(Z22:AA27)/SUM(N22:O27))-1 -> 0.78794627 | AB35: =(SUM(Z22:AB27)/SUM(N22:P27))-1 -> 0.48975853 | AC35: =(SUM(Z22:AC27)/SUM(N22:Q27))-1 -> 0.4248152 | AD35: =(SUM(Z22:AD27)/SUM(N22:R27))-1 -> 0.37459165 | AE35: =(SUM(Z22:AE27)/SUM(N22:S27))-1 -> 0.34533326
A36: Üçpınar Hibrit GES | B36: 39.94 | C36: 40W000000012663G | D36: 2412 | E36: 73 | F36: 2029 | H36: Toplamın Geçen Yılın Aynı Dönemine Göre Değişimi | Z36: =(Z28/N28)-1 -> 0.50643022 | AA36: =(AA28/O28)-1 -> 1.4315943 | AB36: =(AB28/P28)-1 -> 0.34108535 | AC36: =(AC28/Q28)-1 -> 0.23587441 | AD36: =(AD28/R28)-1 -> 0.22744333 | AE36: =(AE28/S28)-1 -> 0.51719951
A37: Demirciler Hibrit GES | B37: 13.26 | E37: 73 | F37: 2026 | H37: Toplam Kümülatif Değişimi | AA37: =(SUM(Z28:AA28)/SUM(N28:O28))-1 -> 0.89259535 | AB37: =(SUM(Z28:AB28)/SUM(N28:P28))-1 -> 0.65398109 | AC37: =(SUM(Z28:AC28)/SUM(N28:Q28))-1 -> 0.52700407 | AD37: =(SUM(Z28:AD28)/SUM(N28:R28))-1 -> 0.45865951 | AE37: =(SUM(Z28:AE28)/SUM(N28:S28))-1 -> 0.46816888
A38: Toplam | B38: 886.54
H39: SANTRALLERİN DOLAR BAZLI GELİRLERİ | I39: Sütun1 | J39: Sütun2 | K39: Sütun3 | L39: Sütun4 | M39: Sütun5 | N39: 1A25 | O39: 2A25 | P39: 3A25 | Q39: 4A25 | R39: 5A25 | S39: 6A25 | T39: 7A25 | U39: 8A25 | V39: 9A25 | W39: 10A25 | X39: 11A25 | Y39: 12A25 | Z39: 1A26 | AA39: 2A26 | AB39: 3A26 | AC39: 4A26 | AD39: 5A26 | AE39: 6A26
H40: Sırma HES | N40: =$N$75*N2 -> 0 | O40: =$O$75*O2 -> 0 | P40: =$P$75*P2 -> 0 | Q40: =$Q$75*Q2 -> 0 | R40: =$R$75*R2 -> 0 | S40: =$S$75*S2 -> 101553.24 | T40: =$T$75*T2 -> 265119.43 | U40: =$U$75*U2 -> 17175.104 | V40: =$V$75*V2 -> 0 | W40: =$W$75*W2 -> 0 | X40: =$X$75*X2 -> 0 | Y40: =$Y$75*Y2 -> 0 | Z40: =$Z$75*Z2 -> 0 | AA40: =$AA$75*AA2 -> 0 | AB40: =$AB$75*AB2 -> 21054.741 | AC40: =$AC$75*AC2 -> 35507.762 | AD40: =$AD$75*AD2 -> 7671.9405 | AE40: =$AE$75*AE2 -> 66979.964
H41: Çamlıca III HES | N41: =$N$75*N3 -> 141209.6 | O41: =$O$75*O3 -> 58391.294 | P41: =$P$75*P3 -> 88247.592 | Q41: =$Q$75*Q3 -> 97746.356 | R41: =$R$75*R3 -> 102294.33 | S41: =$S$75*S3 -> 75606.82 | T41: =$T$75*T3 -> 73527.168 | U41: =$U$75*U3 -> 82560.899 | V41: =$V$75*V3 -> 110771.21 | W41: =$W$75*W3 -> 26061.296 | X41: =$X$75*X3 -> 37429.116 | Y41: =$Y$75*Y3 -> 51933.36 | Z41: =$Z$75*Z3 -> 71325.2 | AA41: =$AA$75*AA3 -> 229987.85 | AB41: =$AA$75*AB3 -> 252472.59 | AC41: =$AC$75*AC3 -> 195784.35 | AD41: =$AD$75*AD3 -> 215138.85 | AE41: =$AE$75*AE3 -> 265503.31
H42: Saraçbendi HES | N42: =$N$75*N4 -> 115567.5 | O42: =$O$75*O4 -> 106786.26 | P42: =$P$75*P4 -> 304483.77 | Q42: =$Q$75*Q4 -> 727374.06 | R42: =$R$75*R4 -> 595320.21 | S42: =$S$75*S4 -> 154194.4 | T42: =$T$75*T4 -> 46987.34 | U42: =$U$75*U4 -> 0 | V42: =$V$75*V4 -> 8285.8559 | W42: =$W$75*W4 -> 28750.276 | X42: =$X$75*X4 -> 103695.48 | Y42: =$Y$75*Y4 -> 182314.62 | Z42: =$Z$75*Z4 -> 205818.32 | AA42: =$AA$75*AA4 -> 584413.11 | AB42: =$AA$75*AB4 -> 636022.76 | AC42: =$AC$75*AC4 -> 253069.35 | AD42: =$AD$75*AD4 -> 118815.72 | AE42: =$AE$75*AE4 -> 283078.39
H43: Otluca HES | N43: =$N$75*N5 -> 1050980.3 | O43: =$O$75*O5 -> 399776.64 | P43: =$P$75*P5 -> 659102.6 | Q43: =$Q$75*Q5 -> 945020.6 | R43: =$R$75*R5 -> 360834.66 | S43: =$S$75*S5 -> 148444.16 | T43: =$T$75*T5 -> 167696.67 | U43: =$U$75*U5 -> 114575.64 | V43: =$V$75*V5 -> 59933.664 | W43: =$W$75*W5 -> 68699.22 | X43: =$X$75*X5 -> 109655.82 | Y43: =$Y$75*Y5 -> 614205.88 | Z43: =$Z$75*Z5 -> 1300367.4 | AA43: =$AA$75*AA5 -> 1301728.7 | AB43: =$AA$75*AB5 -> 1085578.5 | AC43: =$AC$75*AC5 -> 373456.61 | AD43: =$AD$75*AD5 -> 127504.44 | AE43: =$AE$75*AE5 -> 442367.29
H44: Demirciler HES | N44: =$N$75*N6 -> 267598.32 | O44: =$O$75*O6 -> 90511.373 | P44: =$P$75*P6 -> 42429.002 | Q44: =$Q$75*Q6 -> 193150.31 | R44: =$R$75*R6 -> 87520.046 | S44: =$S$75*S6 -> 21831.783 | T44: =$T$75*T6 -> 7494.0008 | U44: =$U$75*U6 -> 3812.9021 | V44: =$V$75*V6 -> 4967.62 | W44: =$W$75*W6 -> 31086.646 | X44: =$X$75*X6 -> 29910.566 | Y44: =$Y$75*Y6 -> 107826.67 | Z44: =$Z$75*Z6 -> 237206.44 | AA44: =$AA$75*AA6 -> 255100.32 | AB44: =$AA$75*AB6 -> 134036.36 | AC44: =$AC$75*AC6 -> 60428.078 | AD44: =$AD$75*AD6 -> 14462.218 | AE44: =$AE$75*AE6 -> 24216.37
H45: Yağmur HES | N45: =$N$75*N7 -> 75035.736 | O45: =$O$75*O7 -> 56304.003 | P45: =$P$75*P7 -> 271593.06 | Q45: =$Q$75*Q7 -> 347176.52 | R45: =$R$75*R7 -> 179768.07 | S45: =$S$75*S7 -> 48057.827 | T45: =$T$75*T7 -> 42801.616 | U45: =$U$75*U7 -> 36114.863 | V45: =$V$75*V7 -> 124377.79 | W45: =$W$75*W7 -> 111317.92 | X45: =$X$75*X7 -> 38186.515 | Y45: =$Y$75*Y7 -> 81428.628 | Z45: =$Z$75*Z7 -> 139426.52 | AA45: =$AA$75*AA7 -> 116347.14 | AB45: =$AA$75*AB7 -> 139767.48 | AC45: =$AC$75*AC7 -> 67088 | AD45: =$AD$75*AD7 -> 29053.928 | AE45: =$AE$75*AE7 -> 48657.528
H46: Kavakçalı HES | N46: =$N$75*N8 -> 456998.72 | O46: =$O$75*O8 -> 151955.03 | P46: =$P$75*P8 -> 86127.905 | Q46: =$Q$75*Q8 -> 260227.23 | R46: =$R$75*R8 -> 177723.59 | S46: =$S$75*S8 -> 53856.476 | T46: =$T$75*T8 -> 42215.659 | U46: =$U$75*U8 -> 43566.595 | V46: =$V$75*V8 -> 31504.78 | W46: =$W$75*W8 -> 68849.013 | X46: =$X$75*X8 -> 49908.16 | Y46: =$Y$75*Y8 -> 141301.66 | Z46: =$Z$75*Z8 -> 291041.36 | AA46: =$AA$75*AA8 -> 314288.68 | AB46: =$AA$75*AB8 -> 190620.1 | AC46: =$AC$75*AC8 -> 78116.309 | AD46: =$AD$75*AD8 -> 15211.228 | AE46: =$AE$75*AE8 -> 30280.132
H47: Gelinkaya HES | N47: =$N$75*N9 -> 28236.19 | O47: =$O$75*O9 -> 19797.972 | P47: =$P$75*P9 -> 48567.55 | Q47: =$Q$75*Q9 -> 206419.54 | R47: =$R$75*R9 -> 244625.33 | S47: =$S$75*S9 -> 9690.0425 | T47: =$T$75*T9 -> 0 | U47: =$U$75*U9 -> 0 | V47: =$V$75*V9 -> 0 | W47: =$W$75*W9 -> 4379.1196 | X47: =$X$75*X9 -> 14371.204 | Y47: =$Y$75*Y9 -> 31433.238 | Z47: =$Z$75*Z9 -> 25160 | AA47: =$AA$75*AA9 -> 23757.786 | AB47: =$AA$75*AB9 -> 26681.64 | AC47: =$AC$75*AC9 -> 19777.782 | AD47: =$AD$75*AD9 -> 18443.229 | AE47: =$AE$75*AE9 -> 34652.019
H48: Doğançay HES | N48: =$N$75*N10 -> 350946.45 | O48: =$O$75*O10 -> 172146.55 | P48: =$P$75*P10 -> 188890.6 | Q48: =$Q$75*Q10 -> 499144.12 | R48: =$R$75*R10 -> 618276.88 | S48: =$S$75*S10 -> 168218.91 | T48: =$T$75*T10 -> 15069.798 | U48: =$U$75*U10 -> 0 | V48: =$V$75*V10 -> 66.4587 | W48: =$W$75*W10 -> 0 | X48: =$X$75*X10 -> 27423.306 | Y48: =$Y$75*Y10 -> 97497.894 | Z48: =$Z$75*Z10 -> 538028.24 | AA48: =$AA$75*AA10 -> 1476470.8 | AB48: =$AA$75*AB10 -> 1695862.6 | AC48: =$AC$75*AC10 -> 839335.57 | AD48: =$AD$75*AD10 -> 550874.67 | AE48: =$AE$75*AE10 -> 425457.85
A49: YATIRIM | H49: Doruk HES | N49: =$N$75*N11 -> 16010.107 | O49: =$O$75*O11 -> 12527.915 | P49: =$P$75*P11 -> 484557.39 | Q49: =$Q$75*Q11 -> 1066906 | R49: =$R$75*R11 -> 1165429.9 | S49: =$S$75*S11 -> 418679.88 | T49: =$T$75*T11 -> 110692.3 | U49: =$U$75*U11 -> 31402.589 | V49: =$V$75*V11 -> 41137.264 | W49: =$W$75*W11 -> 145200.92 | X49: =$X$75*X11 -> 280394.44 | Y49: =$Y$75*Y11 -> 259270.03 | Z49: =$Z$75*Z11 -> 66215 | AA49: =$AA$75*AA11 -> 107299.62 | AB49: =$AA$75*AB11 -> 134267.55 | AC49: =$AC$75*AC11 -> 165975.95 | AD49: =$AD$75*AD11 -> 91326.927 | AE49: =$AE$75*AE11 -> 360361.4
A50: 2025 yıl sonu hedefi olarak toplam kurulu gücün 877 MW ulaşılması hedeflenmektedir. (Son kapasite artışlarıyla hedefe ulaşıldı.) | H50: Sekiyaka HES | N50: =$N$75*N12 -> 137824.61 | O50: =$O$75*O12 -> 109199.65 | P50: =$P$75*P12 -> 87948.792 | Q50: =$Q$75*Q12 -> 86965.026 | R50: =$R$75*R12 -> 71918.496 | S50: =$S$75*S12 -> 45850.445 | T50: =$T$75*T12 -> 58893.12 | U50: =$U$75*U12 -> 60479.866 | V50: =$V$75*V12 -> 52092.88 | W50: =$W$75*W12 -> 86455.632 | X50: =$X$75*X12 -> 78865.632 | Y50: =$Y$75*Y12 -> 88857.16 | Z50: =$Z$75*Z12 -> 104679.2 | AA50: =$AA$75*AA12 -> 86185.799 | AB50: =$AA$75*AB12 -> 93645.954 | AC50: =$AC$75*AC12 -> 24570.98 | AD50: =$AD$75*AD12 -> 18812.199 | AE50: =$AE$75*AE12 -> 47630.132
A51: 19 Eylül: Üçpınar RES 9,6 MW Sarıtepe RES 9,6 MW kapasite artışı gerçekleşti. | H51: Çalıkobası HES | N51: =$L$13*N13 -> 56116.56 | O51: =$L$13*O13 -> 26626.75 | P51: =$L$13*P13 -> 463337.57 | Q51: =$L$13*Q13 -> 542796.61 | R51: =$L$13*R13 -> 262301.41 | S51: =$L$13*S13 -> 105674.8 | T51: =$L$13*T13 -> 25468.97 | U51: =$L$13*U13 -> 6748.12 | ... AE51: =$L$13*AE13 -> 234239.48
A52: 7 Kasım: Kocalar RES 5,9 MW kapasite artışı gerçekleşti. | H52: Solentegre GES | N52: =$L$14*N14 -> 57960.07 | O52: =$L$14*O14 -> 37375.66 | P52: =$L$14*P14 -> 135765.07 | Q52: =$L$14*Q14 -> 135045.54 | R52: =$L$14*R14 -> 180947.83 | S52: =$L$14*S14 -> 226133.25 | T52: =$L$14*T14 -> 204845.27 | U52: =$L$14*U14 -> 199767.33 | ... AE52: =$L$14*AE14 -> 167784.82
A53: 26 Aralık: Kocalar RES 11,8 MW kapasite artışı gerçekleşti. | H53: Omicron Engil208 GES | N53: =$L$15*N15 -> 201375.3 | O53: =$L$15*O15 -> 152375.44 | P53: =$L$15*P15 -> 253641.64 | Q53: =$L$15*Q15 -> 234061.38 | R53: =$L$15*R15 -> 280753.69 | S53: =$L$15*S15 -> 236090.96 | T53: =$L$15*T15 -> 257734.05 | U53: =$L$15*U15 -> 232111.6 | ... AE53: =$L$15*AE15 -> 227610.88
H54: Omicron Erciş GES | N54: =$L$16*N16 -> 195716.15 | O54: =$L$16*O16 -> 150829.98 | P54: =$L$16*P16 -> 247802.94 | Q54: =$L$16*Q16 -> 225230.18 | R54: =$L$16*R16 -> 163248.19 | S54: =$L$16*S16 -> 209481.65 | T54: =$L$16*T16 -> 231999.88 | U54: =$L$16*U16 -> 220060.47 | ... AE54: =$L$16*AE16 -> 283074.54
H55: Me-Se GES | N55: =$L$17*N17 -> 143360.7 | O55: =$L$17*O17 -> 141591.8 | P55: =$L$17*P17 -> 228201.4 | Q55: =$L$17*Q17 -> 214502.4 | R55: =$L$17*R17 -> 269458 | S55: =$L$17*S17 -> 292347.3 | T55: =$L$17*T17 -> 297893.4 | U55: =$L$17*U17 -> 299635.7 | ... AE55: =$L$17*AE17 -> 273804.44
H56: MT GES | N56: =$L$18*N18 -> 173631.5 | O56: =$L$18*O18 -> 158663.68 | P56: =$L$18*P18 -> 231568.96 | Q56: =$L$18*Q18 -> 246116.5 | R56: =$L$18*R18 -> 274515.99 | S56: =$L$18*S18 -> 291018.63 | T56: =$L$18*T18 -> 294722.68 | U56: =$L$18*U18 -> 288469.02 | ... AE56: =$L$18*AE18 -> 276569.51
H57: Yaysun GES | N57: =$L$19*N19 -> 171587.29 | O57: =$L$19*O19 -> 159129.18 | P57: =$L$19*P19 -> 228869.06 | Q57: =$L$19*Q19 -> 242965.73 | R57: =$L$19*R19 -> 274496.04 | S57: =$L$19*S19 -> 287879.83 | T57: =$L$19*T19 -> 293765.08 | U57: =$L$19*U19 -> 281960 | ... AE57: =$L$19*AE19 -> 274780.66
H58: Psi Engil207 GES | N58: =$L$20*N20 -> 221429.04 | O58: =$L$20*O20 -> 167881.91 | P58: =$L$20*P20 -> 268876.79 | Q58: =$L$20*Q20 -> 196992.95 | R58: =$L$20*R20 -> 126828.8 | S58: =$L$20*S20 -> 220129.63 | T58: =$L$20*T20 -> 172929.26 | U58: =$L$20*U20 -> 243054.84 | ... AE58: =$L$20*AE20 -> 259764.96
H59: Fırıncı GES | N59: =$L$21*N21 -> 126698.46 | O59: =$L$21*O21 -> 163490.25 | P59: =$L$21*P21 -> 229950.35 | Q59: =$L$21*Q21 -> 224692.86 | R59: =$L$21*R21 -> 268880.78 | S59: =$L$21*S21 -> 325877.93 | T59: =$L$21*T21 -> 321566.07 | U59: =$L$21*U21 -> 298990.65 | ... AE59: =$L$21*AE21 -> 301698.53
H60: Sarıtepe RES (1) | N60: =$L$22*N22 -> 411282 | O60: =$L$22*O22 -> 408722.62 | P60: =$L$22*P22 -> 771361.8 | Q60: =$L$22*Q22 -> 912012.36 | R60: =$L$22*R22 -> 1433764.5 | S60: =$L$22*S22 -> 1292922 | T60: =$L$22*T22 -> 1720190.2 | U60: =$L$22*U22 -> 1754979.1 | ... AE60: =$L$22*AE22 -> 1778896.1
H61: Demirciler RES (2) | N61: =$L$23*N23 -> 211918.27 | O61: =$L$23*O23 -> 134178.38 | P61: =$L$23*P23 -> 335576.62 | Q61: =$L$23*Q23 -> 405150 | R61: =$L$23*R23 -> 536903.32 | S61: =$L$23*S23 -> 531817.41 | T61: =$L$23*T23 -> 616990.89 | U61: =$L$23*U23 -> 623134.57 | ... AE61: =$L$23*AE23 -> 394621.94
H62: Kocalar RES | N62: =$L$24*N24 -> 707978.82 | O62: =$L$24*O24 -> 466543 | P62: =$L$24*P24 -> 833359.97 | Q62: =$L$24*Q24 -> 570987.75 | R62: =$L$24*R24 -> 557460.85 | S62: =$L$24*S24 -> 767095.68 | T62: =$L$24*T24 -> 822728.25 | U62: =$L$24*U24 -> 1007051.1 | ... AE62: =$L$24*AE24 -> 1392324.6
H63: Üçpınar RES | N63: =$L$25*N25 -> 2138960.6 | O63: =$L$25*O25 -> 1577007.3 | P63: =$L$25*P25 -> 3102467.9 | Q63: =$L$25*Q25 -> 2034212.2 | R63: =$L$25*R25 -> 2022192.7 | S63: =$L$25*S25 -> 2516157.4 | T63: =$L$25*T25 -> 2672239.5 | U63: =$L$25*U25 -> 3364202.1 | ... AE63: =$L$25*AE25 -> 2888548.7
H64: Hasanoba RES | N64: =$L$26*N26 -> 819159.28 | O64: =$L$26*O26 -> 758238.59 | P64: =$L$26*P26 -> 1087553.3 | Q64: =$L$26*Q26 -> 745716.17 | R64: =$L$26*R26 -> 647469.12 | S64: =$L$26*S26 -> 901707.68 | T64: =$L$26*T26 -> 858993.19 | U64: =$L$26*U26 -> 1103314.7 | ... AE64: =$L$26*AE26 -> 1419015.6
H65: Denizli RES | N65: =$L$27*N27 -> 1488775.9 | O65: =$L$27*O27 -> 1387064.2 | P65: =$L$27*P27 -> 1728361.9 | Q65: =$L$27*Q27 -> 1095197.8 | R65: =$L$27*R27 -> 1280911.3 | S65: =$L$27*S27 -> 1222146.3 | T65: =$L$27*T27 -> 913784.8 | U65: =$L$27*U27 -> 726436.14 | ... AE65: =$L$27*AE27 -> 960223.02
H66: Toplam | N66: =SUM(N40:N65) -> 9766357.4 | O66: =SUM(O40:O65) -> 7067115.5 | P66: =SUM(P40:P65) -> 12408643 | Q66: =SUM(Q40:Q65) -> 12455810 | R66: =SUM(R40:R65) -> 12183844 | S66: =SUM(S40:S65) -> 10672464 | T66: =SUM(T40:T65) -> 10536349 | U66: =SUM(U40:U65) -> 11039604 | ... AE66: =SUM(AE40:AE65) -> 13162142
P68: =SUM(N66:P66) -> 29242116 | S68: =SUM(Q66:S66) -> 35312119 | V68: =SUM(T66:V66) -> 31704424 | Y68: =SUM(W66:Y66) -> 26324284 | AB68: =SUM(Z66:AB66) -> 43200869 | AE68: =SUM(AC66:AE66) -> 36233859
H69: ÇEYREKLİK GELİR | S69: =(S68/P68)-1 -> 0.20757739 | V69: =(V68/S68)-1 -> -0.10216591 | Y69: =(Y68/V68)-1 -> -0.16969682 | AB69: =(AB68/Y68)-1 -> 0.64110326 | AE69: =(AE68/AB68)-1 -> -0.16127012
H70: ÖNCEKİ ÇEYREĞE GÖRE DEĞİŞİM | AB70: =(AB68/P68)-1 -> 0.47735095 | AE70: =(AE68/S68)-1 -> 0.026102665
H71: GEÇEN YILIN AYNI DÖNEMİNE GÖRE DEĞİŞİM
H74: DOLAR | N74: 1A25 | O74: 2A25 | P74: 3A25 | Q74: 4A25 | R74: 5A25 | S74: 6A25 | T74: 7A25 | U74: 8A25 | V74: 9A25 | W74: 10A25 | X74: 11A25 | Y74: 12A25 | Z74: 1A26 | AA74: 2A26 | AB74: 3A26 | AC74: 4A26 | AD74: 5A26 | AE74: 6A26
H75: PTF FİYATI | N75: =PTF!B8 -> 71.64 | O75: =PTF!C8 -> 69.53 | P75: =PTF!D8 -> 59.76 | Q75: =PTF!E8 -> 65.54 | R75: =PTF!F8 -> 64.03 | S75: =PTF!G8 -> 56.95 | T75: =PTF!H8 -> 74.36 | U75: =PTF!I8 -> 72.53 | ... AE75: =PTF!S8 -> 29.08
H77: SANTRALLERİN TL BAZLI GELİRLERİ | I77: Sütun1 | J77: Sütun2 | K77: Sütun3 | L77: Sütun4 | M77: Sütun5 | N77: 1A25 | O77: 2A25 | P77: 3A25 | Q77: 4A25 | R77: 5A25 | S77: 6A25 | T77: 7A25 | U77: 8A25 | V77: 9A25 | W77: 10A25 | X77: 11A25 | Y77: 12A25 | Z77: 1A26 | AA77: 2A26 | AB77: 3A26 | AC77: 4A26 | AD77: 5A26 | AE77: 6A26
H78: Sırma HES | N78: =N40*$N$111 -> 0 | O78: =O40*$O$111 -> 0 | P78: =P40*$P$111 -> 0 | Q78: =Q40*$Q$111 -> 0 | R78: =R40*$R$111 -> 0 | S78: =S40*$S$111 -> 3998151.1 | T78: =T40*$T$111 -> 10641894 | U78: =U40*$U$111 -> 699885.49 | V78: =V40*$V$111 -> 0 | W78: =W40*$W$111 -> 0 | X78: =X40*$X$111 -> 0 | Y78: =Y40*$Y$111 -> 0 | Z78: =Z40*$Z$111 -> 0 | AA78: =AA40*$AA$111 -> 0 | AB78: =AB40*$AB$111 -> 928514.08 | AC78: =AC40*$AC$111 -> 1586486.8 | AD78: =AD40*$AD$111 -> 347999.22 | AE78: =AE40*$AE$111 -> 3092464.9
H79: Çamlıca III HES | N79: =N41*$N$111 -> 5010116.7 | O79: =O41*$O$111 -> 2109093.5 | P79: =P41*$P$111 -> 3268690.8 | Q79: =Q41*$Q$111 -> 3719248.8 | R79: =R41*$R$111 -> 3960836.4 | S79: =S41*$S$111 -> 2976640.5 | T79: =T41*$T$111 -> 2951380.5 | U79: =U41*$U$111 -> 3364356.6 | V79: =V41*$V$111 -> 4568204.8 | W79: =W41*$W$111 -> 1088059.1 | X79: =X41*$X$111 -> 1579508.7 | Y79: =Y41*$Y$111 -> 2212880.5 | Z79: =Z41*$Z$111 -> 3076969.1 | AA79: =AA41*$AA$111 -> 10029770 | AB79: =AB41*$AB$111 -> 11134041 | AC79: =AC41*$AC$111 -> 8747644.7 | AD79: =AD41*$AD$111 -> 9758698.3 | AE79: =AE41*$AE$111 -> 12258288
H80: Saraçbendi HES | N80: =N42*$N$111 -> 4100334.9 | O80: =O42*$O$111 -> 3857119.7 | P80: =P42*$P$111 -> 11278079 | Q80: =Q42*$Q$111 -> 27676583 | R80: =R42*$R$111 -> 23050798 | S80: =S42*$S$111 -> 6070633.6 | T80: =T42*$T$111 -> 1886071.8 | U80: =U42*$U$111 -> 0 | V80: =V42*$V$111 -> 341708.7 | W80: =W42*$W$111 -> 1200324 | X80: =X42*$X$111 -> 4375949.4 | Y80: =Y42*$Y$111 -> 7768425.8 | Z80: =Z42*$Z$111 -> 8879002.3 | AA80: =AA42*$AA$111 -> 25486256 | AB80: =AB42*$AB$111 -> 28048604 | AC80: =AC42*$AC$111 -> 11307139 | AD80: =AD42*$AD$111 -> 5389481 | AE80: =AE42*$AE$111 -> 13069729
H81: Otluca HES | N81: =N43*$N$111 -> 37288781 | O81: =O43*$O$111 -> 14439932 | P81: =P43*$P$111 -> 24413160 | Q81: =Q43*$Q$111 -> 35958034 | R81: =R43*$R$111 -> 13971518 | S81: =S43*$S$111 -> 5844246.6 | T81: =T43*$T$111 -> 6731344.4 | U81: =U43*$U$111 -> 4668957.4 | V81: =V43*$V$111 -> 2471664.3 | W81: =W43*$W$111 -> 2868192.4 | X81: =X43*$X$111 -> 4627475.7 | Y81: =Y43*$Y$111 -> 26171313 | Z81: =Z43*$Z$111 -> 56097850 | AA81: =AA43*$AA$111 -> 56768390 | AB81: =AB43*$AB$111 -> 47874013 | AC81: =AC43*$AC$111 -> 16686041 | AD81: =AD43*$AD$111 -> 5783601.2 | AE81: =AE43*$AE$111 -> 20424098
H82: Demirciler HES | N82: =N44*$N$111 -> 9494388.6 | O82: =O44*$O$111 -> 3269270.8 | P82: =P44*$P$111 -> 1571570.2 | Q82: =Q44*$Q$111 -> 7349369.4 | R82: =R44*$R$111 -> 3388776.2 | S82: =S44*$S$111 -> 859517.28 | T82: =T44*$T$111 -> 300809.19 | U82: =U44*$U$111 -> 155375.76 | V82: =V44*$V$111 -> 204864.65 | W82: =W44*$W$111 -> 1297867.5 | X82: =X44*$X$111 -> 1262225.9 | Y82: =Y44*$Y$111 -> 4594494.6 | Z82: =Z44*$Z$111 -> 10233086 | AA82: =AA44*$AA$111 -> 11124925 | AB82: =AB44*$AB$111 -> 5911003.3 | AC82: =AC44*$AC$111 -> 2699926.5 | AD82: =AD44*$AD$111 -> 656006.23 | AE82: =AE44*$AE$111 -> 1118069.8
H83: Yağmur HES | N83: =N45*$N$111 -> 2662267.9 | O83: =O45*$O$111 -> 2033700.6 | P83: =P45*$P$111 -> 10059807 | Q83: =Q45*$Q$111 -> 13210067 | R83: =R45*$R$111 -> 6960619.5 | S83: =S45*$S$111 -> 1892036.6 | T83: =T45*$T$111 -> 1718056.9 | U83: =U45*$U$111 -> 1471680.7 | V83: =V45*$V$111 -> 5129340.2 | W83: =W45*$W$111 -> 4647523.3 | X83: =X45*$X$111 -> 1611470.9 | Y83: =Y45*$Y$111 -> 3469673.8 | Z83: =Z45*$Z$111 -> 6014860.1 | AA83: =AA45*$AA$111 -> 5073898.7 | AB83: =AB45*$AB$111 -> 6163746 | AC83: =AC45*$AC$111 -> 2997491.8 | AD83: =AD45*$AD$111 -> 1317886.2 | AE83: =AE45*$AE$111 -> 2246518.1
H84: Kavakçalı HES | N84: =N46*$N$111 -> 16214315 | O84: =O46*$O$111 -> 5488615.8 | P84: =P46*$P$111 -> 3190177.6 | Q84: =Q46*$Q$111 -> 9901645.9 | R84: =R46*$R$111 -> 6881457.4 | S84: =S46*$S$111 -> 2120329.5 | T84: =T46*$T$111 -> 1694536.6 | U84: =U46*$U$111 -> 1775338.8 | V84: =V46*$V$111 -> 1299257.1 | W84: =W46*$W$111 -> 2874446.3 | X84: =X46*$X$111 -> 2106124.3 | Y84: =Y46*$Y$111 -> 6020863.9 | Z84: =Z46*$Z$111 -> 12555524 | AA84: =AA46*$AA$111 -> 13706129 | AB84: =AB46*$AB$111 -> 8406346.6 | AC84: =AC46*$AC$111 -> 3490236.7 | AD84: =AD46*$AD$111 -> 689981.28 | AE84: =AE46*$AE$111 -> 1398033.7
H85: Gelinkaya HES | N85: =N47*$N$111 -> 1001820 | O85: =O47*$O$111 -> 715102.76 | P85: =P47*$P$111 -> 1798942 | Q85: =Q47*$Q$111 -> 7854263.5 | R85: =R47*$R$111 -> 9471892.9 | S85: =S47*$S$111 -> 381496.97 | T85: =T47*$T$111 -> 0 | U85: =U47*$U$111 -> 0 | V85: =V47*$V$111 -> 0 | W85: =W47*$W$111 -> 182828.24 | X85: =X47*$X$111 -> 606464.82 | Y85: =Y47*$Y$111 -> 1339370.3 | Z85: =Z47*$Z$111 -> 1085402.4 | AA85: =AA47*$AA$111 -> 1036077.1 | AB85: =AB47*$AB$111 -> 1176660.3 | AC85: =AC47*$AC$111 -> 883671.3 | AD85: =AD47*$AD$111 -> 836584.87 | AE85: =AE47*$AE$111 -> 1599883.7
H86: Doğançay HES | N86: =N48*$N$111 -> 12451580 | O86: =O48*$O$111 -> 6217933.2 | P86: =P48*$P$111 -> 6996507.9 | Q86: =Q48*$Q$111 -> 18992434 | R86: =R48*$R$111 -> 23939681 | S86: =S48*$S$111 -> 6622778.5 | T86: =T48*$T$111 -> 604901.68 | U86: =U48*$U$111 -> 0 | V86: =V48*$V$111 -> 2740.7568 | W86: =W48*$W$111 -> 0 | X86: =X48*$X$111 -> 1157263.5 | Y86: =Y48*$Y$111 -> 4154385.3 | Z86: =Z48*$Z$111 -> 23210538 | AA86: =AA48*$AA$111 -> 64388892 | AB86: =AB48*$AB$111 -> 74787542 | AC86: =AC48*$AC$111 -> 37501513 | AD86: =AD48*$AD$111 -> 24987675 | AE86: =AE48*$AE$111 -> 19643389
H87: Doruk HES | N87: =N49*$N$111 -> 568038.6 | O87: =O49*$O$111 -> 452508.3 | P87: =P49*$P$111 -> 17948006 | Q87: =Q49*$Q$111 -> 40595773 | R87: =R49*$R$111 -> 45125445 | S87: =S49*$S$111 -> 16483427 | T87: =T49*$T$111 -> 4443188.8 | U87: =U49*$U$111 -> 1279655.5 | V87: =V49*$V$111 -> 1696500.8 | W87: =W49*$W$111 -> 6062138.5 | X87: =X49*$X$111 -> 11832645 | Y87: =Y49*$Y$111 -> 11047496 | Z87: =Z49*$Z$111 -> 2856515.1 | AA87: =AA49*$AA$111 -> 4679336.5 | AB87: =AB49*$AB$111 -> 5921198.9 | AC87: =AC49*$AC$111 -> 7415805.5 | AD87: =AD49*$AD$111 -> 4142589.4 | AE87: =AE49*$AE$111 -> 16637886
H88: Sekiyaka HES | N88: =N50*$N$111 -> 4890017.3 | O88: =O50*$O$111 -> 3944291.2 | P88: =P50*$P$111 -> 3257623.3 | Q88: =Q50*$Q$111 -> 3309019.2 | R88: =R50*$R$111 -> 2784684.2 | S88: =S50*$S$111 -> 1805132 | T88: =T50*$T$111 -> 2363969.8 | U88: =U50*$U$111 -> 2464554.5 | V88: =V50*$V$111 -> 2148310.4 | W88: =W50*$W$111 -> 3609522.6 | X88: =X50*$X$111 -> 3328129.7 | Y88: =Y50*$Y$111 -> 3786203.6 | Z88: =Z50*$Z$111 -> 4515860.7 | AA88: =AA50*$AA$111 -> 3758562.7 | AB88: =AB50*$AB$111 -> 4129786.6 | AC88: =AC50*$AC$111 -> 1097831.4 | AD88: =AD50*$AD$111 -> 853321.35 | AE88: =AE50*$AE$111 -> 2199083.2
H89: Çalıkobası HES | N89: =N51*$N$111 -> 1991015.5 | O89: =O51*$O$111 -> 961758.21 | P89: =P51*$P$111 -> 17162024 | Q89: =Q51*$Q$111 -> 20653411 | R89: =R51*$R$111 -> 10156311 | S89: =S51*$S$111 -> 4160416.9 | T89: =T51*$T$111 -> 1022324.5 | U89: =U51*$U$111 -> 274985.89 | V89: =V51*$V$111 -> 2000912 | W89: =W51*$W$111 -> 2544078.8 | X89: =X51*$X$111 -> 7190520.9 | Y89: =Y51*$Y$111 -> 4863842.4 | Z89: =Z51*$Z$111 -> 3538589.6 | AA89: =AA51*$AA$111 -> 10716844 | AB89: =AB51*$AB$111 -> 9925971.1 | AC89: =AC51*$AB$111 -> 28564913 | AD89: =AD51*$AB$111 -> 38123562 | AE89: =AE51*$AB$111 -> 10329961
H90: Solentegre GES | N90: =N52*$N$111 -> 2056423.3 | O90: =O52*$O$111 -> 1350008.8 | P90: =P52*$P$111 -> 5028738.2 | Q90: =Q52*$Q$111 -> 5138482.8 | R90: =R52*$R$111 -> 7006300 | S90: =S52*$S$111 -> 8902866.1 | T90: =T52*$T$111 -> 8222489.1 | U90: =U52*$U$111 -> 8140518.7 | V90: =V52*$V$111 -> 7275801.2 | W90: =W52*$W$111 -> 6466621.6 | X90: =X52*$X$111 -> 3114712.4 | Y90: =Y52*$Y$111 -> 3462276.4 | Z90: =Z52*$Z$111 -> 1425970.7 | AA90: =AA52*$AA$111 -> 3761616.3 | AB90: =AB52*$AB$111 -> 5791807.8 | AC90: =AC52*$AB$111 -> 7244994.5 | AD90: =AD52*$AB$111 -> 7047099.3 | AE90: =AE52*$AB$111 -> 7399310.6
H91: Omicron Engil208 GES | N91: =N53*$N$111 -> 7144795.6 | O91: =O53*$O$111 -> 5503800.9 | P91: =P53*$P$111 -> 9394886.3 | Q91: =Q53*$Q$111 -> 8906035.5 | R91: =R53*$R$111 -> 10870783 | S91: =S53*$S$111 -> 9294901.1 | T91: =T53*$T$111 -> 10345445 | U91: =U53*$U$111 -> 9458547.7 | V91: =V53*$V$111 -> 10528468 | W91: =W53*$W$111 -> 9982123.1 | X91: =X53*$X$111 -> 8664619.6 | Y91: =Y53*$Y$111 -> 5381676.7 | Z91: =Z53*$Z$111 -> 4737552.8 | AA91: =AA53*$AA$111 -> 6914451 | AB91: =AB53*$AB$111 -> 8804812.4 | AC91: =AC53*$AB$111 -> 9041829.2 | AD91: =AD53*$AB$111 -> 10457067 | AE91: =AE53*$AB$111 -> 10037640
H92: Omicron Erciş GES | N92: =N54*$N$111 -> 6944009 | O92: =O54*$O$111 -> 5447978.9 | P92: =P54*$P$111 -> 9178620.9 | Q92: =Q54*$Q$111 -> 8570008.3 | R92: =R54*$R$111 -> 6320969.9 | S92: =S54*$S$111 -> 8247292.6 | T92: =T54*$T$111 -> 9312475.2 | U92: =U54*$U$111 -> 8967464.2 | V92: =V54*$V$111 -> 10618915 | W92: =W54*$W$111 -> 9934924.8 | X92: =X54*$X$111 -> 8213591.1 | Y92: =Y54*$Y$111 -> 5239715.1 | Z92: =Z54*$Z$111 -> 4872214.8 | AA92: =AA54*$AA$111 -> 6975468.3 | AB92: =AB54*$AB$111 -> 8768154.3 | AC92: =AC54*$AB$111 -> 10185563 | AD92: =AD54*$AB$111 -> 11634820 | AE92: =AE54*$AB$111 -> 12483587
H93: Me-Se GES | N93: =N55*$N$111 -> 5086437.6 | O93: =O55*$O$111 -> 5114295.8 | P93: =P55*$P$111 -> 8452579.9 | Q93: =Q55*$Q$111 -> 8161816.3 | R93: =R55*$R$111 -> 10433414 | S93: =S55*$S$111 -> 11509713 | T93: =T55*$T$111 -> 11957441 | U93: =U55*$U$111 -> 12210155 | V93: =V55*$V$111 -> 10816262 | W93: =W55*$W$111 -> 9489649.8 | X93: =X55*$X$111 -> 6877118.8 | Y93: =Y55*$Y$111 -> 4780790.9 | Z93: =Z55*$Z$111 -> 2422423.2 | AA93: =AA55*$AA$111 -> 4353229.6 | AB93: =AB55*$AB$111 -> 8777304.1 | AC93: =AC55*$AB$111 -> 9596979.8 | AD93: =AD55*$AB$111 -> 9883675.7 | AE93: =AE55*$AB$111 -> 12074776
H94: MT GES | N94: =N56*$N$111 -> 6160445.6 | O94: =O56*$O$111 -> 5730932.1 | P94: =P56*$P$111 -> 8577314.3 | Q94: =Q56*$Q$111 -> 9364732.8 | R94: =R56*$R$111 -> 10629259 | S94: =S56*$S$111 -> 11457403 | T94: =T56*$T$111 -> 11830168 | U94: =U56*$U$111 -> 11755113 | V94: =V56*$V$111 -> 10971156 | W94: =W56*$W$111 -> 9729639.6 | X94: =X56*$X$111 -> 7101791.2 | Y94: =Y56*$Y$111 -> 4544754.9 | Z94: =Z56*$Z$111 -> 5389059.6 | AA94: =AA56*$AA$111 -> 6175398.4 | AB94: =AB56*$AB$111 -> 9673815.2 | AC94: =AC56*$AB$111 -> 10055881 | AD94: =AD56*$AB$111 -> 10269730 | AE94: =AE56*$AB$111 -> 12196715
H95: Yaysun GES | N95: =N57*$N$111 -> 6087917 | O95: =O57*$O$111 -> 5747746 | P95: =P57*$P$111 -> 8477310 | Q95: =Q57*$Q$111 -> 9244846 | R95: =R57*$R$111 -> 10628487 | S95: =S57*$S$111 -> 11333829 | T95: =T57*$T$111 -> 11791730 | U95: =U57*$U$111 -> 11489870 | V95: =V57*$V$111 -> 10979439 | W95: =W57*$W$111 -> 9780114.1 | X95: =X57*$X$111 -> 7147141 | Y95: =Y57*$Y$111 -> 4518572.8 | Z95: =Z57*$Z$111 -> 5101547.4 | AA95: =AA57*$AA$111 -> 5945771.3 | AB95: =AB57*$AB$111 -> 9617567 | AC95: =AC57*$AB$111 -> 10118229 | AD95: =AD57*$AB$111 -> 10215769 | AE95: =AE57*$AB$111 -> 12117827
H96: Psi Engil207 GES | N96: =N58*$N$111 -> 7856302.3 | O96: =O58*$O$111 -> 6063894.6 | P96: =P58*$P$111 -> 9959196.3 | Q96: =Q58*$Q$111 -> 7495581.7 | R96: =R58*$R$111 -> 4910811.1 | S96: =S58*$S$111 -> 8666503.5 | T96: =T58*$T$111 -> 6941380.5 | U96: =U58*$U$111 -> 9904484.7 | V96: =V58*$V$111 -> 11405123 | W96: =W58*$W$111 -> 10788882 | X96: =X58*$X$111 -> 4901820.3 | Y96: =Y58*$Y$111 -> 5098943.5 | Z96: =Z58*$Z$111 -> 4860854.3 | AA96: =AA58*$AA$111 -> 7659419.7 | AB96: =AB58*$AB$111 -> 8984642.5 | AC96: =AC58*$AB$111 -> 10469443 | AD96: =AD58*$AB$111 -> 8572663.8 | AE96: =AE58*$AB$111 -> 11455635
H97: Fırıncı GES | N97: =N59*$N$111 -> 4495261.4 | O97: =O59*$O$111 -> 5905267.8 | P97: =P59*$P$111 -> 8517361 | Q97: =Q59*$Q$111 -> 8549563.3 | R97: =R59*$R$111 -> 10411064 | S97: =S59*$S$111 -> 12829814 | T97: =T59*$T$111 -> 12907662 | U97: =U59*$U$111 -> 12183869 | V97: =V59*$V$111 -> 11618816 | W97: =W59*$W$111 -> 9563390.3 | X97: =X59*$X$111 -> 4241105.1 | Y97: =Y59*$Y$111 -> 4607433.4 | Z97: =Z59*$Z$111 -> 3104339.3 | AA97: =AA59*$AA$111 -> 5998378.4 | AB97: =AB59*$AB$111 -> 8511782 | AC97: =AC59*$AB$111 -> 9916404.1 | AD97: =AD59*$AB$111 -> 10821889 | AE97: =AE59*$AB$111 -> 13304905
H98: Sarıtepe RES (1) | N98: =N60*$N$111 -> 14592285 | O98: =O60*$O$111 -> 14763061 | P98: =P60*$P$111 -> 28571241 | Q98: =Q60*$Q$111 -> 34702070 | R98: =R60*$R$111 -> 55515363 | S98: =S60*$S$111 -> 50902338 | T98: =T60*$T$111 -> 69048437 | U98: =U60*$U$111 -> 71515400 | V98: =V60*$V$111 -> 56388364 | W98: =W60*$W$111 -> 37719076 | X98: =X60*$X$111 -> 14261206 | Y98: =Y60*$Y$111 -> 31819198 | Z98: =Z60*$Z$111 -> 26558632 | AA98: =AA60*$AA$111 -> 33956359 | AB98: =AB60*$AB$111 -> 42771942 | AC98: =AC60*$AB$111 -> 51143957 | AD98: =AD60*$AB$111 -> 62549808 | AE98: =AE60*$AB$111 -> 78449319
H99: Demirciler RES (2) | N99: =N61*$N$111 -> 7518860.2 | O99: =O61*$O$111 -> 4846523.1 | P99: =P61*$P$111 -> 12429758 | Q99: =Q61*$Q$111 -> 15415957 | R99: =R61*$R$111 -> 20788897 | S99: =S61*$S$111 -> 20937651 | T99: =T61*$T$111 -> 24766014 | U99: =U61*$U$111 -> 25392734 | V99: =V61*$V$111 -> 21881784 | W99: =W61*$W$111 -> 16816296 | X99: =X61*$X$111 -> 12273110 | Y99: =Y61*$Y$111 -> 16431188 | Z99: =Z61*$Z$111 -> 14980336 | AA99: =AA61*$AA$111 -> 21087512 | AB99: =AB61*$AB$111 -> 20415609 | AC99: =AC61*$AB$111 -> 21733848 | AD99: =AD61*$AB$111 -> 24481682 | AE99: =AE61*$AB$111 -> 17402828
H100: Kocalar RES | N100: =N62*$N$111 -> 25119089 | O100: =O62*$O$111 -> 16851533 | P100: =P62*$P$111 -> 30867653 | Q100: =Q62*$Q$111 -> 21726084 | R100: =R62*$R$111 -> 21584884 | S100: =S62*$S$111 -> 30200557 | T100: =T62*$T$111 -> 33024312 | U100: =U62*$U$111 -> 41037331 | V100: =V62*$V$111 -> 35449565 | W100: =W62*$W$111 -> 17550072 | X100: =X62*$X$111 -> 28386189 | Y100: =Y62*$Y$111 -> 34575438 | Z100: =Z62*$Z$111 -> 53763767 | AA100: =AA62*$AA$111 -> 46469255 | AB100: =AB62*$AB$111 -> 62933709 | AC100: =AC62*$AB$111 -> 40643888 | AD100: =AD62*$AB$111 -> 44794338 | AE100: =AE62*$AB$111 -> 61401516
... H103: Denizli RES | N103: =N65*$N$111 -> 52821768 | O103: =O65*$O$111 -> 50100760 | P103: =P65*$P$111 -> 64018524 | Q103: =Q65*$Q$111 -> 41672277 | R103: =R65*$R$111 -> 49596885 | S103: =S65*$S$111 -> 48115899 | T103: =T65*$T$111 -> 36679322 | U103: =U65*$U$111 -> 29602273 | V103: =V65*$V$111 -> 49702722 | W103: =W65*$W$111 -> 90466759 | X103: =X65*$X$111 -> 79101552 | Y103: =Y65*$Y$111 -> 72844507 | Z103: =Z65*$Z$111 -> 1.253867e+08 | AA103: =AA65*$AA$111 -> 1.0942888e+08 | AB103: =AB65*$AB$111 -> 59786811 | AC103: =AC65*$AB$111 -> 65321464 | AD103: =AD65*$AB$111 -> 62914587 | AE103: =AE65*$AB$111 -> 42345835
H104: Toplam | N104: =SUM(N78:N103) -> 3.4651036e+08 | O104: =SUM(O78:O103) -> 2.5526421e+08 | P104: =SUM(P78:P103) -> 4.5961615e+08 | Q104: =SUM(Q78:Q103) -> 4.7394358e+08 | R104: =SUM(R78:R103) -> 4.7175844e+08 | S104: =SUM(S78:S103) -> 4.2017493e+08 | T104: =SUM(T78:T103) -> 4.2292903e+08 | U104: =SUM(U78:U103) -> 4.4986386e+08 | ... AA104: =SUM(AA78:AA103) -> 6.2817858e+08 | AB104: =AB66*$AB$111 -> 6.5143463e+08 | AC104: =AC66*$AB$111 -> 5.0790672e+08 | AD104: =AD66*$AB$111 -> 5.09556e+08 | AE104: =AE66*$AB$111 -> 5.8045047e+08
H106: ÇEYREKLİK GELİR | P106: =SUM(N104:P104) -> 1.0613907e+09 | S106: =SUM(Q104:S104) -> 1.3658769e+09 | V106: =SUM(T104:V104) -> 1.2904911e+09 | Y106: =SUM(W104:Y104) -> 1.1107891e+09 | AB106: =SUM(Z104:AB104) -> 1.8846365e+09 | AE106: =SUM(AC104:AE104) -> 1.5979132e+09
H107: ÖNCEKİ ÇEYREĞE GÖRE DEĞİŞİM | S107: =(S106/P106)-1 -> 0.28687477 | V107: =(V106/S106)-1 -> -0.055192299 | Y107: =(Y106/V106)-1 -> -0.13925085 | AB107: =(AB106/Y106)-1 -> 0.69666454 | AE107: =(AE106/AB106)-1 -> -0.15213718
...

Sheet AKSEN
A1: SANTRAL ADI | B1: KURULU GÜCÜ | C1: EIC KODU | D1: ID | E1: SATIŞ FİYATI | F1: SÜRE(YIL SONU) | G1: 1A25 | H1: 2A25 | I1: 3A25 | J1: 4A25 | K1: 5A25 | L1: 6A25 | M1: 7A25 | N1: 8A25 | O1: 9A25 | P1: 10A25 | Q1: 11A25 | R1: 12A25 | S1: 1A26 | T1: 2A26 | U1: 3A26 | V1: 4A26 | W1: 5A26 | X1: 6A26
A2: Aksa Enerji Doğalgaz | B2: 900 | C2: 40W000000000655V | D2: 754 | E2: PTF | F2: - | G2: 390242.43 | H2: 385753.57 | I2: 364145.42 | J2: 285228.6 | K2: 297687.19 | L2: 254097.85 | M2: 382064.65 | N2: 370915.78 | O2: 325633.97 | P2: 386122.77 | Q2: 369291.38 | R2: 402489.34 | S2: 407242.17 | T2: 124497.91 | U2: 81499.73 | V2: 0 | W2: 0 | X2: 4168.75
A3: Aksa Göynük Termik | B3: 270 | C3: 40W000000009481U | D3: 1723 | E3: 75 | F3: 2029 | G3: 171776 | H3: 154172 | I3: 103955 | J3: 57975 | K3: 166164 | L3: 151241 | M3: 142985 | N3: 152195 | O3: 159750 | P3: 151658 | Q3: 140756 | R3: 139264 | S3: 111723 | T3: 131249 | U3: 153090 | V3: 149301 | W3: 87372 | X3: 108380
A4: Aksa Enerji Fuel Oil | B4: 188
A5: Aksa Gana Fuel Oil | B5: 370
A6: Aksa Mali Fuel Oil | B6: 60
A7: Aksa Energy Buhara Doğalgaz | B7: 298
A8: Aksa Energy Tashkent Doğalgaz | B8: 492
A9: Aksa Energy Talimarjan Doğalgaz | B9: 430
A10: Aksa Energy Congo Doğalgaz | B10: 50
A11: Aksa Gana Kumasi Doğalgaz | B11: 130
A12: Toplam | B12: =SUM(B2:B11) -> 3188 | G12: 562068.43 | H12: 539925.57 | I12: 468100.42 | J12: 343203.6 | K12: 463851.19 | L12: 405338.85 | M12: 525049.65 | N12: 523110.78 | O12: 485383.97 | P12: 537780.77 | Q12: 510047.38 | R12: 541753.34 | S12: 518965.17 | T12: 255746.91 | U12: 234589.73 | V12: 149301 | W12: 87372 | X12: 112548.75
A14: DGKÇS Geçen Yılın Aynı Dönemine Göre Değişim | S14: =(S2/G2)-1 -> 0.043561998 | T14: =(T2/H2)-1 -> -0.67726051 | U14: =(U2/I2)-1 -> -0.77618906 | V14: =(V2/J2)-1 -> -1 | W14: =(W2/K2)-1 -> -1 | X14: =(X2/L2)-1 -> -0.98359392
A15: DGKÇS Kümülatif Değişim | T15: =(SUM(S2:T2)/SUM(G2:H2))-1 -> -0.31476441 | U15: =(SUM(S2:U2)/SUM(G2:I2))-1 -> -0.46213707 | V15: =(SUM(S2:V2)/SUM(G2:J2))-1 -> -0.56976799 | W15: =(SUM(S2:W2)/SUM(G2:K2))-1 -> -0.64409782 | X15: =(SUM(S2:X2)/SUM(G2:L2))-1 -> -0.68772881
A16: Termik Geçen Yılın Aynı Döenmine Göre Değişim | S16: =(S3/G3)-1 -> -0.34960064 | T16: =(T3/H3)-1 -> -0.14868459 | U16: =(U3/I3)-1 -> 0.47265644 | V16: =(V3/J3)-1 -> 1.5752652 | W16: =(W3/K3)-1 -> -0.47418213 | X16: =(X3/L3)-1 -> -0.28339538
A17: Termik Kümülatif Değişim | T17: =(SUM(S3:T3)/SUM(G3:H3))-1 -> -0.25456821 | U17: =(SUM(S3:U3)/SUM(G3:I3))-1 -> -0.078717757 | V17: =(SUM(S3:V3)/SUM(G3:J3))-1 -> 0.11782659 | W17: =(SUM(S3:W3)/SUM(G3:K3))-1 -> -0.032577419 | X17: =(SUM(S3:X3)/SUM(G3:L3))-1 -> -0.079683788
A18: Toplam Geçen Yılın Aynı Dönemine Göre Değişim | S18: =(S12/G12)-1 -> -0.076686855 | T18: =(T12/H12)-1 -> -0.52632932 | U18: =(U12/I12)-1 -> -0.49884743 | V18: =(V12/J12)-1 -> -0.56497834 | W18: =(W12/K12)-1 -> -0.81163787 | X18: =(X12/L12)-1 -> -0.72233417
A19: Toplam Kümülatif Değişim | T19: =(SUM(S12:T12)/SUM(G12:H12))-1 -> -0.29699066 | U19: =(SUM(S12:U12)/SUM(G12:I12))-1 -> -0.35717126 | V19: =(SUM(S12:V12)/SUM(G12:J12))-1 -> -0.39444729 | W19: =(SUM(S12:W12)/SUM(G12:K12))-1 -> -0.47585334 | X19: =(SUM(S12:X12)/SUM(G12:L12))-1 -> -0.51175943
A21: SANTRALLERİN DOLAR BAZLI GELİRLERİ | B21: Sütun1 | C21: Sütun2 | D21: Sütun3 | E21: Sütun4 | F21: Sütun5 | G21: 1A25 | H21: 2A25 | I21: 3A25 | J21: 4A25 | K21: 5A25 | L21: 6A25 | M21: 7A25 | N21: 8A25 | O21: 9A25 | P21: 10A25 | Q21: 11A25 | R21: 12A25 | S21: 1A26 | T21: 2A26 | U21: 3A26 | V21: 4A26 | W21: 5A26 | X21: 6A26
A22: Aksa Enerji Doğalgaz | G22: =$G$31*G2 -> 27956968 | H22: =$H$31*H2 -> 26821446 | I22: =$I$31*I2 -> 21761330 | J22: =$J$31*J2 -> 18693882 | K22: =$K$31*K2 -> 19060911 | L22: =$L$31*L2 -> 14470873 | M22: =$M$31*M2 -> 28410327 | N22: =$N$31*N2 -> 26902522 | O22: =$O$31*O2 -> 21859808 | P22: =$P$31*P2 -> 25592217 | Q22: =$Q$31*Q2 -> 24664971 | R22: =$R$31*R2 -> 28415747 | S22: =$S$31*S2 -> 27692468 | T22: =$T$31*T2 -> 6124052.2 | U22: =$U$31*U2 -> 3197234.4 | V22: =$V$31*V2 -> 0 | W22: =$W$31*W2 -> 0 | X22: =$X$31*X2 -> 121227.25
A23: Aksa Göynük Termik | G23: =$E$3*G3 -> 12883200 | H23: =$E$3*H3 -> 11562900 | I23: =$E$3*I3 -> 7796625 | J23: =$E$3*J3 -> 4348125 | K23: =$E$3*K3 -> 12462300 | L23: =$E$3*L3 -> 11343075 | M23: =$E$3*M3 -> 10723875 | N23: =$E$3*N3 -> 11414625 | ... X23: =$E$3*X3 -> 8128500
A24: Toplam | G24: =SUM(G22:G23) -> 40840168 | H24: =SUM(H22:H23) -> 38384346 | I24: =SUM(I22:I23) -> 29557955 | J24: =SUM(J22:J23) -> 23042007 | K24: =SUM(K22:K23) -> 31523211 | L24: =SUM(L22:L23) -> 25813948 | M24: =SUM(M22:M23) -> 39134202 | N24: =SUM(N22:N23) -> 38317147 | ... X24: =SUM(X22:X23) -> 8249727.2
A26: ÇEYREKLİK GELİR | I26: =SUM(G24:I24) -> 1.0878247e+08 | L26: =SUM(J24:L24) -> 80379166 | O26: =SUM(M24:O24) -> 1.1129241e+08 | R26: =SUM(P24:R24) -> 1.1104879e+08 | U26: =SUM(S24:U24) -> 66718404 | X26: =SUM(V24:X24) -> 26000202
A27: ÖNCEKİ ÇEYREĞE GÖRE DEĞİŞİM | L27: =(L26/I26)-1 -> -0.26110184 | O27: =(O26/L26)-1 -> 0.38459271 | R27: =(R26/O26)-1 -> -0.0021890212 | U27: =(U26/R26)-1 -> -0.39919736 | X27: =(X26/U26)-1 -> -0.6102994
A28: GEÇEN YILIN AYNI DÖNEMİNE GÖRE DEĞİŞİM | U28: =(U26/I26)-1 -> -0.38668055 | X28: =(X26/L26)-1 -> -0.67653058
A30: DOLAR | G30: 1A25 | H30: 2A25 | I30: 3A25 | J30: 4A25 | K30: 5A25 | L30: 6A25 | M30: 7A25 | N30: 8A25 | O30: 9A25 | P30: 10A25 | Q30: 11A25 | R30: 12A25 | S30: 1A26 | T30: 2A26 | U30: 3A26 | V30: 4A26 | W30: 5A26 | X30: 6A26
A31: PTF FİYATI | G31: =PTF!B8 -> 71.64 | H31: =PTF!C8 -> 69.53 | I31: =PTF!D8 -> 59.76 | J31: =PTF!E8 -> 65.54 | K31: =PTF!F8 -> 64.03 | L31: =PTF!G8 -> 56.95 | M31: =PTF!H8 -> 74.36 | N31: =PTF!I8 -> 72.53 | ... X31: =PTF!S8 -> 29.08
A33: SANTRALLERİN TL BAZLI GELİRLERİ | B33: Sütun1 | C33: Sütun2 | D33: Sütun3 | E33: Sütun4 | F33: Sütun5 | G33: 1A25 | H33: 2A25 | I33: 3A25 | J33: 4A25 | K33: 5A25 | L33: 6A25 | M33: 7A25 | N33: 8A25 | O33: 9A25 | P33: 10A25 | Q33: 11A25 | R33: 12A25 | S33: 1A26 | T33: 2A26 | U33: 3A26 | V33: 4A26 | W33: 5A26 | X33: 6A26
A34: Aksa Enerji Doğalgaz | G34: =$G$43*G22 -> 9.9191321e+08 | H34: =$H$43*H22 -> 9.6879062e+08 | I34: =I22*$I$43 -> 8.0603967e+08 | J34: =J22*$J$43 -> 7.1130223e+08 | K34: =K22*$K$43 -> 7.3803847e+08 | L34: =L22*$L$43 -> 5.6971825e+08 | M34: =M22*$M$43 -> 1.1403905e+09 | N34: =N22*$N$43 -> 1.0962778e+09 | O34: =O22*$O$43 -> 9.014985e+08 | P34: =P22*$P$43 -> 1.0684751e+09 | Q34: =Q22*$Q$43 -> 1.0408618e+09 | R34: =R22*$R$43 -> 1.210795e+09 | S34: =S22*$S$43 -> 1.1946531e+09 | T34: =T22*$T$43 -> 2.6706992e+08 | U34: =U22*$U$43 -> 1.4099804e+08 | V34: =V22*$V$43 -> 0 | W34: =W22*$W$43 -> 0 | X34: =X22*$X$43 -> 5597062.1
A35: Aksa Göynük Termik | G35: =$G$43*G23 -> 4.5709594e+08 | H35: =$H$43*H23 -> 417651948 | I35: =I23*$I$43 -> 288786990 | J35: =J23*$J$43 -> 1.6544616e+08 | K35: =K23*$K$43 -> 482540256 | L35: =L23*$L$43 -> 4.4657686e+08 | M35: =M23*$M$43 -> 4.3045634e+08 | N35: =N23*$N$43 -> 4.6514597e+08 | O35: =O23*$O$43 -> 494106750 | P35: =P23*$P$43 -> 4.7487911e+08 | Q35: =Q23*$Q$43 -> 4.4549274e+08 | R35: =R23*$R$43 -> 445052928 | S35: =S23*$S$43 -> 3.6147977e+08 | T35: =T23*$T$43 -> 4.2928267e+08 | U35: =U23*$U$43 -> 506345175 | V35: =V23*$U$43 -> 4.9381306e+08 | W35: =W23*$U$43 -> 288982890 | X35: =X23*$U$43 -> 358466850
A36: Toplam | G36: =SUM(G34:G35) -> 1.4490091e+09 | H36: =SUM(H34:H35) -> 1.3864426e+09 | I36: =SUM(I34:I35) -> 1.0948267e+09 | J36: =SUM(J34:J35) -> 8.7674838e+08 | K36: =SUM(K34:K35) -> 1.2205787e+09 | L36: =SUM(L34:L35) -> 1.0162951e+09 | M36: =SUM(M34:M35) -> 1.5708469e+09 | N36: =SUM(N34:N35) -> 1.5614237e+09 | ... X36: =SUM(X34:X35) -> 3.6406391e+08
A38: ÇEYREKLİK GELİR | I38: =SUM(G36:I36) -> 3.9302784e+09 | L38: =SUM(J36:L36) -> 3.1136222e+09 | O38: =SUM(M36:O36) -> 4.5278759e+09 | R38: =SUM(P36:R36) -> 4.6855566e+09 | U38: =SUM(S36:U36) -> 2.8998286e+09 | X38: =SUM(V36:X36) -> 1.1468599e+09
A39: ÖNCEKİ ÇEYREĞE GÖRE DEĞİŞİM | L39: =(L38/I38)-1 -> -0.20778583 | O39: =(O38/L38)-1 -> 0.45421491 | R39: =(R38/O38)-1 -> 0.034824449 | U39: =(U38/R38)-1 -> -0.38111331 | X39: =(X38/U38)-1 -> -0.60450771
A40: GEÇEN YILIN AYNI DÖNEMİNE GÖRE DEĞİŞİM | U40: =(U38/I38)-1 -> -0.26218239 | X40: =(X38/L38)-1 -> -0.63166377
A42: AYLIK ORT | G42: 1A25 | H42: 2A25 | I42: 3A25 | J42: 4A25 | K42: 5A25 | L42: 6A25 | M42: 7A25 | N42: 8A25 | O42: 9A25 | P42: 10A25 | Q42: 11A25 | R42: 12A25 | S42: 1A26 | T42: 2A26 | U42: 3A26 | V42: 4A26 | W42: 5A26 | X42: 6A26
A43: DOLAR | G43: =PTF!B5 -> 35,48 | H43: =PTF!C5 -> 36.12 | I43: =PTF!D5 -> 37.04 | J43: =PTF!E5 -> 38.05 | K43: =PTF!F5 -> 38.72 | L43: =PTF!G5 -> 39.37 | M43: =PTF!H5 -> 40.14 | N43: =PTF!I5 -> 40.75 | ... X43: =PTF!S5 -> 46.17
A60: YATIRIM | N60: NAKİT AKIŞINI ETKİLEYECEK GELİŞMELER
A61: Mersin Depolamalı RES 100,08 MWe üretim lisansı alındı. | N61: Bolu Göynük Santrali için imzalanan sözleşmeyle üretilen kömürün 2029 yılına kadar minimum 75 USD/MWh sabit gelire bağlandı.
A62: Gaziantep Pamuk Depolamalı GES 40,5 MWe üretim lisanlı alındı. | N62: Yıl sonu hasılat beklentisini 36,85 milyar TL'den 38 milyar TL'ye, FAVÖK beklentisini 11 milyar TL'den 12 milyar TL'ye YATIRIM HARCAMLARI BEKLENTİSİNİ 23 MİLYAR TL'DEN 20 MİLYAR TL'YE REVİZE ETTİ.
A63: Kırşehir Alıç Depolamalı GES 50 MWe 80 milyon dolarlık kredi sözleşmesi imzalandı.
A64: Karahisar 110,76 Mwe, Balıkesir 118,04 Mwe, Kayseri 88,96 Mwe, Manisa 82,16 MWe geliştirme aşamasında
A65: Bolu Göynük GES 35 MW 2025 yıl sonunda devreye alınacak
A66: 1 Ağustosta Gabonda 145 MW kurulu güçe sahip 10 yıllık sözleşme imzaladı ve kurulum süreci başladı.
A67: Kazakistan ve Senegalde bağlı ortaklıkların yatırım döneminde olduğu belirtilmiş ve detay verilmemiştir.
A68: 18 Kasım : Kayseride 10 MWe kurulu güçe sahip depolamalı GES projesine ÇED onayı verildi.
A69: 25 Kasım: Burkino Faso elektrik kurumuyla 20 yıl vadeli elektrik alım sozleşmesi imzaladı 119 MW kurulu güce sahip HFO(akaryakıt) kayanklı elektrik üretim santralini 2026 yılı son çeyreğinde devreye alacak.
A70: 15 Ocak: 50 MWe kurulu güçe sahip Tokur Depolamalı GES ve Köknar Depolamalı GES projelerine ÇED olumlu raporu verildi.
A71: 19 Ocak: Ganada kurulan 350 MW kurulu güçe sahip projede Gana 20 yıl boyunca ödeme yapacak olup ocak ayı itibariyle 130 MW lık kapasiteyle elektrik üretimekte olup Mart ayı sonuna kadar 179 MW'a çıkacak.

Sheet AKSUE
A1: SANTRAL ADI | B1: KURULU GÜÇ | C1: EIC KODU | D1: ID | E1: SATIŞ FİYATI | F1: SÜRE (YIL SONU) | G1: 1A25 | H1: 2A25 | I1: 3A25 | J1: 4A25 | K1: 5A25 | L1: 6A25 | M1: 7A25 | N1: 8A25 | O1: 9A25 | P1: 10A25 | Q1: 11A25 | R1: 12A25 | S1: 1A26 | T1: 2A26 | U1: 3A26 | V1: 4A26 | W1: 5A26 | X1: 6A26
A2: Çayköy HES | B2: 13 | C2: 40W100000000110N | D2: 1582 | E2: 73 TL | G2: 1105.13 | H2: 452.19 | I2: 819.03 | J2: 3961.05 | K2: 1657.1 | L2: 127.03 | M2: 0 | N2: 0 | O2: 0 | P2: 52.4 | Q2: 89.48 | R2: 241.81 | S2: 986.16 | T2: 6449.23 | U2: 3355.88 | V2: 8004.47 | W2: 2156.03 | X2: 659.26
A3: Gönen GES | B3: 1.12 | E3: 133 | F3: 45312
A4: Kayı1 GES | B4: 1 | E4: 133 | F4: 46140
A5: Kayı2 GES | B5: 1 | E5: 133 | F5: 46140
A6: Serince 1 GES | B6: 1 | E6: 133 | F6: 46441
A7: Serince 2-3 GES | B7: 2.39 | E7: 133 | F7: 46441
A8: Santral Toplam | B8: =SUM(B2:B7) -> 19.51 | G8: 1105.13 | H8: 452.19 | I8: 819.03 | J8: 3961.05 | K8: 1657.1 | L8: 127.03 | M8: 0 | N8: 0 | O8: 0 | P8: 52.4 | Q8: 89.48 | R8: 241.81 | S8: 986.16 | T8: 6449.23 | U8: 3355.88 | V8: 8004.47 | W8: 2156.03 | X8: 659.26
A10: İŞTİRAKTEN GELEN KAPASİTE | B10: Sütun1 | C10: Sütun2 | D10: Sütun3 | E10: Sütun4 | F10: Sütun5 | G10: 1A25 | H10: 2A25 | I10: 3A25 | J10: 4A25 | K10: 5A25 | L10: 6A25 | M10: 7A25 | N10: 8A25 | O10: 9A25 | P10: 10A25 | Q10: 11A25 | R10: 12A25 | S10: 1A26 | T10: 2A26 | U10: 3A26 | V10: 4A26 | W10: 5A26 | X10: 6A26
A11: Eşen I HES | B11: =60*0.2545 -> 15.27 | C11: 40W000000012703U | D11: 1464 | E11: PTF | F11: - | G11: 10292.08 | H11: 4.98 | I11: 0 | J11: 0 | K11: 0 | L11: 2665.5 | M11: 5944.23 | N11: 6467.36 | O11: 2947.53 | P11: 0 | Q11: 2.5 | R11: 0.54 | S11: 3648.15 | T11: 32639.74 | U11: 31993.78 | V11: 41785.56 | W11: 24001.7 | X11: 6100.93
A12: Eşen II HES | B12: =44.3*0.2545 -> 11.27435 | C12: 40W000000012703U | D12: 1463 | E12: PTF | F12: - | G12: 7350.43 | H12: 2210.23 | I12: 1712.56 | J12: 2044.08 | K12: 2251.18 | L12: 3120.81 | M12: 4280.34 | N12: 4308.77 | O12: 3251.44 | P12: 2781.09 | Q12: 2248.98 | R12: 1996.88 | S12: 6161.17 | T12: 24690.1 | U12: 15532.38 | V12: 25170.11 | W12: 13334.38 | X12: 7933.2
A13: İştirak Toplam | B13: =SUM(B11:B12) -> 26.54435
A15: Toplam | B15: =SUM(B13,B8) -> 46.05435 | G15: 18747.64 | H15: 2667.4 | I15: 2531.59 | J15: 6005.13 | K15: 3908.28 | L15: 5913.34 | M15: 10224.57 | N15: 10776.13 | O15: 6198.97 | P15: 2833.49 | Q15: 2340.96 | R15: 2239.23 | S15: 10795.48 | T15: 63779.07 | U15: 50882.04 | V15: 66955.67 | W15: 37336.08 | X15: 14034.13
A17: HES Geçen Yılın Aynı Dönemine Göre Değişimi | S17: =(S2/G2)-1 -> -0.10765249 | T17: =(T2/H2)-1 -> 13.262213 | U17: =(U2/I2)-1 -> 3.0973835 | V17: =(V2/J2)-1 -> 1.020795 | W17: =(W2/K2)-1 -> 0.30108623 | X17: =(X2/L2)-1 -> 4.1897977
A18: HES Kümülatif Değişimi | T18: =(SUM(S2:T2)/SUM(G2:H2))-1 -> 3.7744779 | U18: =(SUM(S2:U2)/SUM(G2:I2))-1 -> 3.5411114 | V18: =(SUM(S2:V2)/SUM(G2:J2))-1 -> 1.965844 | W18: =(SUM(S2:W2)/SUM(G2:K2))-1 -> 1.620773 | X18: =(SUM(S2:X2)/SUM(G2:L2))-1 -> 1.6609555
A19: İştirak : HES Geçen Yılın Aynı Dönemine Göre Değişimi | S19: =(SUM(S11:S12)/SUM(G11:G12))-1 -> -0.44399521 | T19: =(SUM(T11:T12)/SUM(H11:H12))-1 -> 24.880093 | U19: =(SUM(U11:U12)/SUM(I11:I12))-1 -> 26.75153 | V19: =(SUM(V11:V12)/SUM(J11:J12))-1 -> 31.755895 | W19: =(SUM(W11:W12)/SUM(K11:K12))-1 -> 15.585115 | X19: =(SUM(X11:X12)/SUM(L11:L12))-1 -> 1.4254024
A20: İştirak : HES Kümülatif Değişimi | T20: =(SUM(S11:T12)/SUM(G11:H12))-1 -> 2.3810105 | U20: =(SUM(S11:U12)/SUM(G11:I12))-1 -> 4.3158939 | V20: =(SUM(S11:V12)/SUM(G11:J12))-1 -> 6.6911248 | W20: =(SUM(S11:W12)/SUM(G11:K12))-1 -> 7.4652039 | X20: =(SUM(S11:X12)/SUM(G11:L12))-1 -> 6.361061
A22: SANTRALLERİN DOLAR BAZLI GELİRLERİ | B22: Sütun1 | C22: Sütun2 | D22: Sütun3 | E22: Sütun4 | F22: Sütun5 | G22: 1A25 | H22: 2A25 | I22: 3A25 | J22: 4A25 | K22: 5A25 | L22: 6A25 | M22: 7A25 | N22: 8A25 | O22: 9A25 | P22: 10A25 | Q22: 11A25 | R22: 12A25 | S22: 1A26 | T22: 2A26 | U22: 3A26 | V22: 4A26 | W22: 5A26 | X22: 6A26
A23: Çayköy HES | G23: =73*G2/PTF!B5 -> 2273.8019 | H23: =73/PTF!C5*H2 -> 913.89452 | I23: =73/PTF!D5*I2 -> 1614.179 | J23: =73/PTF!E5*J2 -> 7599.3863 | K23: =73/PTF!F5*K2 -> 3124.1813 | L23: =73/PTF!G5*L2 -> 235.5395 | M23: =73/PTF!H5*M2 -> 0 | N23: =73/PTF!I5*N2 -> 0 | O23: =73/PTF!J5*O2 -> 0 | ... X23: =73/PTF!S5*X2 -> 1042.3647
A24: Eşen I HES | G24: =G33*G11*0.2545 -> 187649.11 | H24: =H33*H11*0.2545 -> 88.123017 | I24: =I33*I11*0.2545 -> 0 | J24: =J33*J11*0.2545 -> 0 | K24: =K33*K11*0.2545 -> 0 | L24: =L33*L11*0.2545 -> 38633.157 | M24: =M33*M11*0.2545 -> 112492.29 | N24: =N33*N11*0.2545 -> 119380.25 | ... X24: =X33*X11*0.2545 -> 45152.129
A25: Eşen II HES | G25: =G33*G12*0.2545 -> 134015.83 | H25: =H33*H12*0.2545 -> 39110.871 | I25: =I33*I12*0.2545 -> 26046.188 | J25: =J33*J12*0.2545 -> 34095.111 | K25: =K33*K12*0.2545 -> 36684.408 | L25: =L33*L12*0.2545 -> 45232.318 | M25: =M33*M12*0.2545 -> 81003.808 | N25: =N33*N12*0.2545 -> 79535.09 | ... X25: =X33*X12*0.2545 -> 58712.503
A26: Toplam | G26: =SUM(G23:G25) -> 323938.75 | H26: =SUM(H23:H25) -> 40112.888 | I26: =SUM(I23:I25) -> 27660.367 | J26: =SUM(J23:J25) -> 41694.498 | K26: =SUM(K23:K25) -> 39808.589 | L26: =SUM(L23:L25) -> 84101.015 | M26: =SUM(M23:M25) -> 193496.1 | N26: =SUM(N23:N25) -> 198915.34 | ... X26: =SUM(X23:X25) -> 104907
A28: ÇEYREKLİK GELİR | I28: =SUM(G26:I26) -> 391712 | L28: =SUM(J26:L26) -> 165604.1 | O28: =SUM(M26:O26) -> 498318.28 | R28: =SUM(P26:R26) -> 121732.65 | U28: =SUM(S26:U26) -> 1379986.3 | X28: =SUM(V26:X26) -> 696689.16
A29: ÖNCEKİ ÇEYREĞE GÖRE DEĞİŞİM | L29: =(L28/I28)-1 -> -0.57722996 | O29: =(O28/L28)-1 -> 2.0090938 | R29: =(R28/O28)-1 -> -0.75571304 | U29: =(U28/R28)-1 -> 10.336205 | X29: =(X28/U28)-1 -> -0.49514776
A30: GEÇEN YILIN AYNI DÖNEMİNE GÖRE DEĞİŞİM | U30: =(U28/I28)-1 -> 2.5229614 | X30: =(X28/L28)-1 -> 3.2069559
A32: DOLAR | G32: 1A25 | H32: 2A25 | I32: 3A25 | J32: 4A25 | K32: 5A25 | L32: 6A25 | M32: 7A25 | N32: 8A25 | O32: 9A25 | P32: 10A25 | Q32: 11A25 | R32: 12A25 | S32: 1A26 | T32: 2A26 | U32: 3A26 | V32: 4A26 | W32: 5A26 | X32: 6A26
A33: PTF FİYATI | G33: =PTF!B8 -> 71.64 | H33: =PTF!C8 -> 69.53 | I33: =PTF!D8 -> 59.76 | J33: =PTF!E8 -> 65.54 | K33: =PTF!F8 -> 64.03 | L33: =PTF!G8 -> 56.95 | M33: =PTF!H8 -> 74.36 | N33: =PTF!I8 -> 72.53 | ... X33: =PTF!S8 -> 29.08
A35: SANTRALLERİN TL BAZLI GELİRLERİ | B35: Sütun1 | C35: Sütun2 | D35: Sütun3 | E35: Sütun4 | F35: Sütun5 | G35: 1A25 | H35: 2A25 | I35: 3A25 | J35: 4A25 | K35: 5A25 | L35: 6A25 | M35: 7A25 | N35: 8A25 | O35: 9A25 | P35: 10A25 | Q35: 11A25 | R35: 12A25 | S35: 1A26 | T35: 2A26 | U35: 3A26 | V35: 4A26 | W35: 5A26 | X35: 6A26
A36: Çayköy HES | G36: =G23*$G$46 -> 80674.49 | H36: =$H$46*H23 -> 33009.87 | I36: =$I$46*I23 -> 59789.19 | J36: =$J$46*J23 -> 289156.65 | K36: =$K$46*K23 -> 120968.3 | L36: =$L$46*L23 -> 9273.19 | M36: =$M$46*M23 -> 0 | N36: =$N$46*N23 -> 0 | O36: =$O$46*O23 -> 0 | P36: =$P$46*P23 -> 3825.2 | Q36: =$Q$46*Q23 -> 6532.04 | R36: =$R$46*R23 -> 17652.13 | S36: =$S$46*S23 -> 71989.68 | T36: =$T$46*T23 -> 470793.79 | U36: =$U$46*U23 -> 244979.24 | V36: =$V$46*V23 -> 584326.31 | W36: =$W$46*W23 -> 157390.19 | X36: =$X$46*X23 -> 48125.98
A37: Eşen I HES | G37: =G24*$G$46 -> 6657790.5 | H37: =$H$46*H24 -> 3183.0034 | I37: =$I$46*I24 -> 0 | J37: =$J$46*J24 -> 0 | K37: =$K$46*K24 -> 0 | L37: =$L$46*L24 -> 1520987.4 | M37: =$M$46*M24 -> 4515440.7 | N37: =$N$46*N24 -> 4864745.4 | O37: =$O$46*O24 -> 2076736.2 | P37: =$P$46*P24 -> 0 | Q37: =$Q$46*Q24 -> 1793.2948 | R37: =$R$46*R24 -> 413.426 | S37: =$S$46*S24 -> 2723638.9 | T37: =$T$46*T24 -> 17819577 | U37: =$U$46*U24 -> 14086732 | V37: =$V$46*V24 -> 11384501 | W37: =$W$46*W24 -> 4868269.3 | X37: =$X$46*X24 -> 2084673.8
A38: Eşen II HES | G38: =G25*$G$46 -> 4754881.8 | H38: =$H$46*H25 -> 1412684.7 | I38: =$I$46*I25 -> 964750.8 | J38: =$J$46*J25 -> 1297319 | K38: =$K$46*K25 -> 1420420.3 | L38: =$L$46*L25 -> 1780796.4 | M38: =$M$46*M25 -> 3251492.9 | N38: =$N$46*N25 -> 3241054.9 | O38: =$O$46*O25 -> 2290861.5 | P38: =$P$46*P25 -> 1958582.2 | Q38: =$Q$46*Q25 -> 1613233.7 | R38: =$R$46*R25 -> 1528818.7 | S38: =$S$46*S25 -> 4599811.5 | T38: =$T$46*T25 -> 13479493 | U38: =$U$46*U25 -> 6838843.9 | V38: =$V$46*V25 -> 6857611.5 | W38: =$W$46*W25 -> 2704614.8 | X38: =$X$46*X25 -> 2710756.2
A39: Toplam | G39: =SUM(G36:G38) -> 11493347 | H39: =SUM(H36:H38) -> 1448877.5 | I39: =SUM(I36:I38) -> 1024540 | J39: =SUM(J36:J38) -> 1586475.6 | K39: =SUM(K36:K38) -> 1541388.6 | L39: =SUM(L36:L38) -> 3311056.9 | M39: =SUM(M36:M38) -> 7766933.5 | N39: =SUM(N36:N38) -> 8105800.3 | ... X39: =SUM(X36:X38) -> 4843556
A41: ÇEYREKLİK GELİR | I41: =SUM(G39:I39) -> 13966764 | L41: =SUM(J39:L39) -> 6438921.1 | O41: =SUM(M39:O39) -> 20240331 | R41: =SUM(P39:R39) -> 5130850.7 | U41: =SUM(S39:U39) -> 60335858 | X41: =SUM(V39:X39) -> 31400269
A42: ÖNCEKİ ÇEYREĞE GÖRE DEĞİŞİM | L42: =(L41/I41)-1 -> -0.53898262 | O42: =(O41/L41)-1 -> 2.1434352 | R42: =(R41/O41)-1 -> -0.74650362 | U42: =(U41/R41)-1 -> 10.759426 | X42: =(X41/U41)-1 -> -0.47957533
A43: GEÇEN YILIN AYNI DÖNEMİNE GÖRE DEĞİŞİM | U43: =(U41/I41)-1 -> 3.3199596 | X43: =(X41/L41)-1 -> 3.8766351
A45: AYLIK ORT | G45: 1A25 | H45: 2A25 | I45: 3A25 | J45: 4A25 | K45: 5A25 | L45: 6A25 | M45: 7A25 | N45: 8A25 | O45: 9A25 | P45: 10A25 | Q45: 11A25 | R45: 12A25 | S45: 1A26 | T45: 2A26 | U45: 3A26 | V45: 4A26 | W45: 5A26 | X45: 6A26
A46: DOLAR | G46: =PTF!B5 -> 35,48 | H46: =PTF!C5 -> 36.12 | I46: =PTF!D5 -> 37.04 | J46: =PTF!E5 -> 38.05 | K46: =PTF!F5 -> 38.72 | L46: =PTF!G5 -> 39.37 | M46: =PTF!H5 -> 40.14 | N46: =PTF!I5 -> 40.75 | ... X46: =PTF!S5 -> 46.17

Sheet AYDEM
A1: SANTRAL ADI | B1: KURULU GÜÇ | C1: EIC KODU | D1: ID | E1: SATIŞ FİYATI | F1: SÜRE (YIL SONU) | G1: EPIAS ID | H1: EIC Kodu | I1: Santral Adı | J1: Kurulu Güç (MW) | K1: SATIŞ FİYATİ | L1: SÜRE(YILSONU) | M1: 1A25 | N1: 2A25 | O1: 3A25 | P1: 4A25 | Q1: 5A25 | R1: 6A25 | S1: 7A25 | T1: 8A25 | U1: 9A25 | V1: 10A25 | W1: 11A25 | X1: 12A25 | Y1: 1A26 | Z1: 2A26 | AA1: 3A26 | AB1: 4A26 | AC1: 5A26 | AD1: 6A26
A2: Aksu HES | B2: 46.2 | C2: 40W000000007460B | D2: 1720 | E2: PTF | F2: - | G2: 951 | H2: 40W000000011206C | I2: ADIGÜZEL HES | J2: 62 | K2: PTF | L2: - | M2: 0 | N2: 0 | O2: 0 | P2: 0 | Q2: 0 | R2: 0 | S2: 0 | T2: 0 | U2: 0 | V2: 0 | W2: 0 | X2: 0 | Y2: 0 | Z2: 0 | AA2: 0 | AB2: 1815.66 | AC2: 6222.48 | AD2: 9212.04
A3: Kemer HES | B3: 48 | C3: 40W000000011207A | D3: 716 | E3: PTF | F3: - | G3: 3075 | H3: 40W100000000580N | I3: BEREKET JES | J3: 6.85 | K3: PTF | L3: - | M3: 0 | N3: 0 | O3: 0 | P3: 0 | Q3: 0 | R3: 0 | S3: 0 | T3: 0 | U3: 0 | V3: 0 | W3: 0 | X3: 0 | Y3: 0 | Z3: 0 | AA3: 0 | AB3: 0 | AC3: 0 | AD3: 0
A4: Feslek HES | B4: 8.84 | C4: 40W000000000270E | D4: 1481 | E4: PTF | F4: - | G4: 1589 | H4: 40W000000000272A | I4: BEREKET1-2 HES | J4: 3.15 | K4: PTF | L4: - | M4: 1225.35 | N4: 1067.79 | O4: 591.03 | P4: 544.95 | Q4: 484.36 | R4: 214.22 | S4: 161.26 | T4: 151.95 | U4: 175.44 | V4: 640.37 | W4: 950.04 | X4: 1082.66 | Y4: 1096.22 | Z4: 1009.39 | AA4: 928.61 | AB4: 422.62 | AC4: 160.67 | AD4: 168.81
A5: Bereket |-|| HES | B5: 3.15 | C5: 40W000000000272A | D5: 1589 | E5: PTF | F5: - | G5: 1262 | H5: 40W000000005634E | I5: ÇIRAKDAMI HES | J5: 49.1 | K5: PTF | L5: - | M5: 2935 | N5: 2911 | O5: 23747 | P5: 30024 | Q5: 23543 | R5: 8796 | S5: 2962.55 | T5: 1565.15 | U5: 2854 | V5: 4092 | W5: 8543.48 | X5: 6287.1 | Y5: 5883.47 | Z5: 15989.24 | AA5: 15980.01 | AB5: 19653.35 | AC5: 16642.56 | AD5: 21419.69
A6: Adıgüzel HES | B6: 62 | C6: 40W000000011206C | D6: 951 | E6: PTF | F6: - | G6: 2766 | H6: 40W000000000271C | I6: DALAMAN HES | J6: 37.5 | K6: PTF | L6: - | M6: 5562.25 | N6: 3468.18 | O6: 2803.14 | P6: 5867.25 | Q6: 8035.68 | R6: 10367.31 | S6: 13272.95 | T6: 5957.67 | U6: 4080.84 | V6: 1289.16 | W6: 621.23 | X6: 750.56 | Y6: 1423.36 | Z6: 19623.41 | AA6: 15022.75 | AB6: 13114.75 | AC6: 9133.77 | AD6: 9485.99
A7: Gökyar HES | B7: 10.95 | C7: 40W0000000099828 | D7: 2768 | E7: PTF | F7: - | G7: 1650 | H7: 40W000000007201Z | I7: DERELİ HES | J7: 49.2 | K7: PTF | L7: - | M7: 2529.17 | N7: 1374.34 | O7: 14804.46 | P7: 18567.85 | Q7: 17964.26 | R7: 8945.96 | S7: 2738.8 | T7: 1190.85 | U7: 2313.8 | V7: 3860.94 | W7: 9257.96 | X7: 7091.36 | Y7: 5382.23 | Z7: 16066.5 | AA7: 13782.41 | AB7: 20332.39 | AC7: 17160.03 | AD7: 23284.23
A8: Dalaman I-II-III-IV-V HES | B8: 37.5 | C8: 40W000000000271C | D8: 2766 | E8: PTF | F8: - | G8: 1720 | H8: 40W000000007460B | I8: DÜZCE AKSU HES | J8: 46.2 | K8: PTF | L8: - | M8: 10032.98 | N8: 5192.28 | O8: 17142.87 | P8: 13995.84 | Q8: 3670.79 | R8: 624.54 | S8: 83.36 | T8: 0 | U8: 0 | V8: 0 | W8: 1.12 | X8: 6508.66 | Y8: 14768.16 | Z8: 22052.02 | AA8: 13065.54 | AB8: 16522.99 | AC8: 13012.87 | AD8: 5702.71
A9: Akıncı HES | B9: 99 | C9: 40W0000000123233 | D9: 2341 | F9: 2028 | G9: 1481 | H9: 40W000000000270E | I9: FESLEK BEREKET HES | J9: 8.84 | K9: PTF | L9: - | M9: 1412.6 | N9: 1109.1 | O9: 324 | P9: 452.8 | Q9: 322.9 | R9: 0 | S9: 317.1 | T9: 387.6 | U9: 0 | V9: 607.9 | W9: 625.1 | X9: 1044.2 | Y9: 1388.8 | Z9: 1890.7 | AA9: 1211.8 | AB9: 519.42 | AC9: 22.24 | AD9: 7.23
A10: Koyulhisar HES | B10: 63 | C10: 40W0000000007322 | D10: 988 | E10: PTF | F10: - | G10: 2149 | H10: 40W000000009545U | I10: GÖKTAŞ 1 - 2 HES | J10: 275.6 | K10: 73 | L10: 2025 | M10: 11477 | N10: 5818 | O10: 5850 | P10: 13605 | Q10: 12973 | R10: 14704 | S10: 11066 | T10: 12631 | U10: 10448 | V10: 6545 | W10: 5729 | X10: 8120 | Y10: 8575 | Z10: 41397 | AA10: 36786 | AB10: 50741.8 | AC10: 71072 | AD10: 53703
A11: Dereli HES | B11: 49.2 | C11: 40W000000007201Z | D11: 1650 | E11: PTF | F11: - | G11: 2768 | H11: 40W0000000099828 | I11: GÖKYAR HES | J11: 10.95 | K11: PTF | L11: - | M11: 3609.8 | N11: 1724.98 | O11: 1507.81 | P11: 2219.34 | Q11: 1486.51 | R11: 972.84 | S11: 793.17 | T11: 730.82 | U11: 598.48 | V11: 1158.92 | W11: 1071 | X11: 1661.77 | Y11: 3374.14 | Z11: 5141.69 | AA11: 3381.47 | AB11: 2659.18 | AC11: 719.74 | AD11: 1255.52
A12: Çırakdamı HES | B12: 49.1 | C12: 40W000000005634E | D12: 1262 | E12: PTF | F12: - | G12: 716 | H12: 40W000000011207A | I12: KEMER HES | J12: 48 | K12: PTF | L12: - | M12: 0 | N12: 0 | O12: 0 | P12: 0 | Q12: 0 | R12: 12574.7 | S12: 23515.18 | T12: 0 | U12: 0 | V12: 0 | W12: 0 | X12: 0 | Y12: 0 | Z12: 0 | AA12: 4867.21 | AB12: 13919.68 | AC12: 7113.37 | AD12: 19045.17
A13: Mentaş HES | B13: 49.6 | C13: 40W000000000410O | D13: 1091 | E13: PTF | F13: - | G13: 988 | H13: 40W0000000007322 | I13: KOYULHİSAR BEREKET HES | J13: 63 | K13: PTF | L13: - | M13: 12906.61 | N13: 14564.93 | O13: 13305.93 | P13: 19258.8 | Q13: 26564.1 | R13: 24733.6 | S13: 24696.29 | T13: 21763.25 | U13: 16928.06 | V13: 8981.67 | W13: 14533.21 | X13: 20778.54 | Y13: 20592.54 | Z13: 16404.98 | AA13: 24619.8 | AB13: 18610.11 | AC13: 11128.47 | AD13: 20998.62
A14: Toros HES | B14: 49.99 | C14: 40W000000006541G | D14: 1548 | E14: PTF | F14: - | G14: 1091 | H14: 40W000000000410O | I14: MENTAŞ HES | J14: 49.6 | K14: PTF | L14: - | M14: 2043 | N14: 3465 | O14: 5954 | P14: 6312 | Q14: 9023 | R14: 6404 | S14: 3620 | T14: 3574 | U14: 3588 | V14: 3507 | W14: 1442 | X14: 332 | Y14: 2906 | Z14: 17095.81 | AA14: 14492.92 | AB14: 15050.63 | AC14: 9641.35 | AD14: 8612.07
A15: Göktaş I HES | B15: 275.6 | C15: 40W000000009545U | D15: 2149 | E15: 73 | F15: 2025 | G15: 1977 | H15: 40W000000009583M | I15: SÖKE RES | J15: 57 | K15: 73 | L15: 2026 | M15: 12597.32 | N15: 16414.1 | O15: 19421.99 | P15: 11989.56 | Q15: 19397.07 | R15: 21624.75 | S15: 16515.28 | T15: 19249.14 | U15: 19021.41 | V15: 13260.29 | W15: 16395.99 | X15: 14704.94 | Y15: 23556.74 | Z15: 17913.22 | AA15: 15855.87 | AB15: 15132.49 | AC15: 15666.29 | AD15: 13358.43
A16: Göktaş II HES | C16: 40W000000009545U | D16: 1931 | E16: 73 | F16: 2025 | G16: 2341 | H16: 40W0000000123233 | I16: TOKAT AKINCI HES | J16: 99 | K16: 73 | L16: 2028 | M16: 20649.02 | N16: 22711.74 | O16: 26370.22 | P16: 34634.61 | Q16: 44548.84 | R16: 38067.92 | S16: 38415.31 | T16: 32557.32 | U16: 25291.58 | V16: 14116.68 | W16: 24538.13 | X16: 32932.5 | Y16: 33186.44 | Z16: 33512.01 | AA16: 48035.75 | AB16: 49121.04 | AC16: 62665.03 | AD16: 61835.26
A17: Armutlu RES | B17: 54 | E17: 94 | F17: 2026 | G17: 1548 | H17: 40W000000006541G | I17: TOROS HES | J17: 49.99 | K17: PTF | L17: - | M17: 4611.01 | N17: 3163.36 | O17: 5548.48 | P17: 9661.12 | Q17: 21047.9 | R17: 8495.47 | S17: 3034.34 | T17: 1389.35 | U17: 923.91 | V17: 900.83 | W17: 1007.36 | X17: 2318.64 | Y17: 5717.71 | Z17: 23294.8 | AA17: 22027.61 | AB17: 26259.22 | AC17: 17009.92 | AD17: 26280.56
A18: Banaz RES | B18: 145.5 | E18: 73 | G18: 1712 | H18: 40W000000007459X | I18: UŞAK RES – Hibrit GES | J18: 227.65 | K18: PTF | L18: - | M18: 20508.35 | N18: 33355.75 | O18: 38775.6 | P18: 30777.35 | Q18: 35368.84 | R18: 37839.88 | S18: 39875.63 | T18: 44382.57 | U18: 38101.94 | V18: 33274.1 | W18: 18182.41 | X18: 21944.99 | Y18: 41026.5 | Z18: 36058.99 | AA18: 28591.29 | AB18: 20215.27 | AC18: 8453.35 | AD18: 24588.19
A19: Söke RES | B19: 57 | C19: 40W000000009583M | D19: 1977 | E19: 73 | F19: 2026 | G19: 2066 | H19: 40W000000009582O | I19: YALOVA RES | J19: 54 | K19: PTF | L19: - | M19: 13450.38 | N19: 8559.85 | O19: 13178.69 | P19: 8396.73 | Q19: 7790.38 | R19: 12199.04 | S19: 13585.86 | T19: 19739.59 | U19: 12529.5 | V19: 9284.27 | W19: 9935.72 | X19: 6758.49 | Y19: 17716.62 | Z19: 13114.15 | AA19: 9486.67 | AB19: 5602.72 | AC19: 8565.18 | AD19: 13530.48
A20: Kızıldere JES | B20: 6.85 | E20: PTF | G20: TOPLAM | M20: 125549.84 | N20: 124900.4 | O20: 189325.22 | P20: 206307.2 | Q20: 232220.63 | R20: 206564.23 | S20: 194653.08 | T20: 165270.26 | U20: 136854.96 | V20: 101519.13 | W20: 112833.75 | X20: 132316.41 | Y20: 186593.93 | Z20: 280563.91 | AA20: 268135.71 | AB20: 289693.32 | AC20: 274389.32 | AD20: 312488
A21: Banaz Hibrit GES | B21: 82.15 | E21: PTF
A22: Toplam | B22: =SUM(B2:B21) -> 1197.63 | I22: HES Geçen Yılın Aynı Dönemine Göre Değişimi | Y22: =(SUM(Y2,Y4:Y14,Y16:Y17)/SUM(M2,M4:M14,M16:M17))-1 -> 0.32028189 | Z22: =(SUM(Z2,Z4:Z14,Z16:Z17)/SUM(N2,N4:N14,N16:N17))-1 -> 2.2067794 | AA22: =(SUM(AA2,AA4:AA14,AA16:AA17)/SUM(O2,O4:O14,O16:O17))-1 -> 0.816056 | AB22: =(SUM(AB2,AB4:AB14,AB16:AB17)/SUM(P2,P4:P14,P16:P17))-1 -> 0.60330754 | AC22: =(SUM(AC2,AC4:AC14,AC16:AC17)/SUM(Q2,Q4:Q14,Q16:Q17))-1 -> 0.42460402 | AD22: =(SUM(AD2,AD4:AD14,AD16:AD17)/SUM(R2,R4:R14,R16:R17))-1 -> 0.93483926
I23: HES Kümülatif Değişimi | Z23: =(SUM(Y2:Z2,Y4:Z14,Y16:Z17)/SUM(M2:N2,M4:N14,M16:N17))-1 -> 1.1830298 | AA23: =(SUM(Y2:AA2,Y4:AA14,Y16:AA17)/SUM(M2:O2,M4:O14,M16:O17))-1 -> 1.0187719 | AB23: =(SUM(Y2:AB2,Y4:AB14,Y16:AB17)/SUM(M2:P2,M4:P14,M16:P17))-1 -> 0.86481143 | AC23: =(SUM(Y2:AC2,Y4:AC14,Y16:AC17)/SUM(M2:Q2,M4:Q14,M16:Q17))-1 -> 0.73786125 | AD23: =(SUM(Y2:AD2,Y4:AD14,Y16:AD17)/SUM(M2:R2,M4:R14,M16:R17))-1 -> 0.77460301
I24: RES Geçen Yılın Aynı Dönemine Göre Değişimi | Y24: =(Y19/M19)-1 -> 0.3171836 | Z24: =(Z19/N19)-1 -> 0.53205372 | AA24: =(AA19/O19)-1 -> -0.28015076 | AB24: =(AB19/P19)-1 -> -0.33274977 | AC24: =(AC19/Q19)-1 -> 0.099455996 | AD24: =(AD19/R19)-1 -> 0.10914301
A25: YATIRIM | I25: RES Kümülatif Değişim | Z25: =(SUM(Y19:Z19)/SUM(M19:N19))-1 -> 0.40074729 | AA25: =(SUM(Y19:AA19)/SUM(M19:O19))-1 -> 0.14574247 | AB25: =(SUM(Y19:AB19)/SUM(M19:P19))-1 -> 0.053561436 | AC25: =(SUM(Y19:AC19)/SUM(M19:Q19))-1 -> 0.060520636 | AD25: =(SUM(Y19:AD19)/SUM(M19:R19))-1 -> 0.069850493
A26: 20 Ekim: Atlantis 1 DGES 300 MWm GES ve 200 MWh elektrik depolama tesisinden oluşmakta olup ÇED olumlu kararı aldı. | I26: Toplamın Geçen Yılın Aynı Dönemine Göre Değişimi | Y26: =(Y20/M20)-1 -> 0.486214 | Z26: =(Z20/N20)-1 -> 1.2463011 | AA26: =(AA20/O20)-1 -> 0.41627043 | AB26: =(AB20/P20)-1 -> 0.40418425 | AC26: =(AC20/Q20)-1 -> 0.18158891 | AD26: =(AD20/R20)-1 -> 0.51278854
I27: Toplam Kümülatif Değişimi | Z27: =(SUM(Y20:Z20)/SUM(M20:N20))-1 -> 0.86527208 | AA27: =(SUM(Y20:AA20)/SUM(M20:O20))-1 -> 0.67197494 | AB27: =(SUM(Y20:AB20)/SUM(M20:P20))-1 -> 0.58646398 | AC27: =(SUM(Y20:AC20)/SUM(M20:Q20))-1 -> 0.47941628 | AD27: =(SUM(Y20:AD20)/SUM(M20:R20))-1 -> 0.48577053
I29: SANTRALLERİN DOLAR BAZLI GETİRİLERİ | J29: Sütun1 | K29: Sütun2 | L29: Sütun3 | M29: 1A25 | N29: 2A25 | O29: 3A25 | P29: 4A25 | Q29: 5A25 | R29: 6A25 | S29: 7A25 | T29: 8A25 | U29: 9A25 | V29: 10A25 | W29: 11A25 | X29: 12A25 | Y29: 1A26 | Z29: 2A26 | AA29: 3A26 | AB29: 4A26 | AC29: 5A26 | AD29: 6A26
I30: ADIGÜZEL HES | M30: =M56*M2 -> 0 | N30: =N56*N2 -> 0 | O30: =O56*O2 -> 0 | P30: =P56*P2 -> 0 | Q30: =Q56*Q2 -> 0 | R30: =R56*R2 -> 0 | S30: =S56*S2 -> 0 | T30: =T56*T2 -> 0 | ... AD30: =AD56*AD2 -> 267886.12
B31: KURULU GÜÇ HEDEFİ | I31: BEREKET JES | M31: =M3 -> 0 | N31: =N3 -> 0 | O31: =O3 -> 0 | P31: =P3 -> 0 | Q31: =Q3 -> 0 | R31: =R3 -> 0 | S31: =S3 -> 0 | T31: =T3 -> 0 | ... AD31: =AD3 -> 0
A32: 2026 | B32: 1286 | C32: RES ve Hibrit GES Kapasite Artışları | I32: BEREKET1-2 HES | M32: =M56*M4 -> 87784.074 | N32: =N56*N4 -> 74243.439 | O32: =O56*O4 -> 35319.953 | P32: =P56*P4 -> 35716.023 | Q32: =Q56*Q4 -> 31013.571 | R32: =R56*R4 -> 12199.829 | S32: =S56*S4 -> 11991.294 | T32: =T56*T4 -> 11020.933 | ... AD32: =AD56*AD4 -> 4908.9948
A33: 2027 | B33: 1338 | C33: Depolamalı RES ve GES Projeleri | I33: ÇIRAKDAMI HES | M33: =M56*M5 -> 210263.4 | N33: =N56*N5 -> 202401.83 | O33: =O56*O5 -> 1419120.7 | P33: =P56*P5 -> 1967773 | Q33: =Q56*Q5 -> 1507458.3 | R33: =R56*R5 -> 500932.2 | S33: =S56*S5 -> 220295.22 | T33: =T56*T5 -> 113520.33 | ... AD33: =AD56*AD5 -> 622884.59
A34: 2027+ | B34: 1838 | C34: Pil Tesisi ve Yeni Depolamalı Yatırımlar Dahil Toplam | I34: DALAMAN HES | M34: =M56*M6 -> 398479.59 | N34: =N56*N6 -> 241142.56 | O34: =O56*O6 -> 167515.65 | P34: =P56*P6 -> 384539.57 | Q34: =Q56*Q6 -> 514524.59 | R34: =R56*R6 -> 590418.3 | S34: =S56*S6 -> 986976.56 | T34: =T56*T6 -> 432109.81 | ... AD34: =AD56*AD6 -> 275852.59
I35: DERELİ HES | M35: =M56*M7 -> 181189.74 | N35: =N56*N7 -> 95557.86 | O35: =O56*O7 -> 884714.53 | P35: =P56*P7 -> 1216936.9 | Q35: =Q56*Q7 -> 1150251.6 | R35: =R56*R7 -> 509472.42 | S35: =S56*S7 -> 203657.17 | T35: =T56*T7 -> 86372.351 | ... AD35: =AD56*AD7 -> 677105.41
I36: DÜZCE AKSU HES | M36: =M56*M8 -> 718762.69 | N36: =N56*N8 -> 361019.23 | O36: =O56*O8 -> 1024457.9 | P36: =P56*P8 -> 917287.35 | Q36: =Q56*Q8 -> 235040.68 | R36: =R56*R8 -> 35567.553 | S36: =S56*S8 -> 6198.6496 | T36: =T56*T8 -> 0 | ... AD36: =AD56*AD8 -> 165834.81
I37: FESLEK BEREKET HES | M37: =M56*M9 -> 101198.66 | N37: =N56*N9 -> 77115.723 | O37: =O56*O9 -> 19362.24 | P37: =P56*P9 -> 29676.512 | Q37: =Q56*Q9 -> 20675.287 | R37: =R56*R9 -> 0 | S37: =S56*S9 -> 23579.556 | T37: =T56*T9 -> 28112.628 | ... AD37: =AD56*AD9 -> 210.2484
I38: GÖKTAŞ 1 - 2 HES | M38: =$K$10*M10 -> 837821 | N38: =$K$10*N10 -> 424714 | O38: =$K$10*O10 -> 427050 | P38: =$K$10*P10 -> 993165 | Q38: =$K$10*Q10 -> 947029 | R38: =$K$10*R10 -> 1073392 | S38: =$K$10*S10 -> 807818 | T38: =$K$10*T10 -> 922063 | ... X38: =$K$10*X10 -> 592760 | Y38: =Y56*Y10 -> 583100 | Z38: =Z56*Z10 -> 2036318.4 | AA38: =AA56*AA10 -> 1443114.8 | AB38: =AB56*AB10 -> 1215773.5 | AC38: =AC56*AC10 -> 1248735 | AD38: =AD56*AD10 -> 1561683.2
I39: GÖKYAR HES | M39: =M56*M11 -> 258606.07 | N39: =N56*N11 -> 119937.86 | O39: =O56*O11 -> 90106.726 | P39: =P56*P11 -> 145455.54 | Q39: =Q56*Q11 -> 95181.235 | R39: =R56*R11 -> 55403.238 | S39: =S56*S11 -> 58980.121 | T39: =T56*T11 -> 53006.375 | ... AD39: =AD56*AD11 -> 36510.522
I40: KEMER HES | M40: =M56*M12 -> 0 | N40: =N56*N12 -> 0 | O40: =O56*O12 -> 0 | P40: =P56*P12 -> 0 | Q40: =Q56*Q12 -> 0 | R40: =R56*R12 -> 716129.17 | S40: =S56*S12 -> 1748588.8 | T40: =T56*T12 -> 0 | ... AD40: =AD56*AD12 -> 553833.54
I41: KOYULHİSAR BEREKET HES | M41: =M56*M13 -> 924629.54 | N41: =N56*N13 -> 1012699.6 | O41: =O56*O13 -> 795162.38 | P41: =P56*P13 -> 1262221.8 | Q41: =Q56*Q13 -> 1700899.3 | R41: =R56*R13 -> 1408578.5 | S41: =S56*S13 -> 1836416.1 | T41: =T56*T13 -> 1578488.5 | ... AD41: =AD56*AD13 -> 610639.87
I42: MENTAŞ HES | M42: =M56*M14 -> 146360.52 | N42: =N56*N14 -> 240921.45 | O42: =O56*O14 -> 355811.04 | P42: =P56*P14 -> 413688.48 | Q42: =Q56*Q14 -> 577742.69 | R42: =R56*R14 -> 364707.8 | S42: =S56*S14 -> 269183.2 | T42: =T56*T14 -> 259222.22 | ... AD42: =AD56*AD14 -> 250439
I43: SÖKE RES | M43: =$K$15*M15 -> 919604.36 | N43: =$K$15*N15 -> 1198229.3 | O43: =$K$15*O15 -> 1417805.3 | P43: =$K$15*P15 -> 875237.88 | Q43: =$K$15*Q15 -> 1415986.1 | R43: =$K$15*R15 -> 1578606.8 | S43: =$K$15*S15 -> 1205615.4 | T43: =$K$15*T15 -> 1405187.2 | ... AD43: =$K$15*AD15 -> 975165.39
I44: TOKAT AKINCI HES | M44: =$K$16*M16 -> 1507378.5 | N44: =$K$16*N16 -> 1657957 | O44: =$K$16*O16 -> 1925026.1 | P44: =$K$16*P16 -> 2528326.5 | Q44: =$K$16*Q16 -> 3252065.3 | R44: =$K$16*R16 -> 2778958.2 | S44: =$K$16*S16 -> 2804317.6 | T44: =$K$16*T16 -> 2376684.4 | ... AD44: =$K$16*AD16 -> 4513974
I45: TOROS HES | M45: =M56*M17 -> 330332.76 | N45: =N56*N17 -> 219948.42 | O45: =O56*O17 -> 331577.16 | P45: =P56*P17 -> 633189.8 | Q45: =Q56*Q17 -> 1347697 | R45: =R56*R17 -> 483817.02 | S45: =S56*S17 -> 225633.52 | T45: =T56*T17 -> 100769.56 | ... AD45: =AD56*AD17 -> 764238.68
I46: UŞAK RES – Hibrit GES | M46: =M18*M56 -> 1469218.2 | N46: =N18*N56 -> 2319225.3 | O46: =O18*O56 -> 2317229.9 | P46: =P18*P56 -> 2017147.5 | Q46: =Q18*Q56 -> 2264666.8 | R46: =R18*R56 -> 2154981.2 | S46: =S18*S56 -> 2965151.8 | T46: =T18*T56 -> 3219067.8 | ... AD46: =AD18*AD56 -> 715024.57
I47: YALOVA RES | M47: =M56*M19 -> 963585.22 | N47: =N56*N19 -> 595166.37 | O47: =O56*O19 -> 787558.51 | P47: =P56*P19 -> 550321.68 | Q47: =Q56*Q19 -> 498818.03 | R47: =R56*R19 -> 694735.33 | S47: =S56*S19 -> 1010244.5 | T47: =T56*T19 -> 1431712.5 | ... AD47: =AD56*AD19 -> 393466.36
I48: Toplam | M48: =SUM(M30:M47) -> 9055214.3 | N48: =SUM(N30:N47) -> 8840279.9 | O48: =SUM(O30:O47) -> 11997818 | P48: =SUM(P30:P47) -> 13970683 | Q48: =SUM(Q30:Q47) -> 15559050 | R48: =SUM(R30:R47) -> 12957899 | S48: =SUM(S30:S47) -> 14384648 | T48: =SUM(T30:T47) -> 12017338 | ... AD48: =SUM(AD30:AD47) -> 12389658
I50: ÇEYREKLİK GELİR | O50: =SUM(M48:O48) -> 29893312 | R50: =SUM(P48:R48) -> 42487633 | U50: =SUM(S48:U48) -> 35910506 | X50: =SUM(V48:X48) -> 24257944 | AA50: =SUM(Y48:AA48) -> 40674061 | AD50: =SUM(AB48:AD48) -> 31644628
I51: ÖNCEKİ ÇEYREĞE GÖRE DEĞİŞİM | R51: =(R50/O50)-1 -> 0.42130896 | U51: =(U50/R50)-1 -> -0.15480097 | X51: =(X50/U50)-1 -> -0.32448893 | AA51: =(AA50/X50)-1 -> 0.67673156 | AD51: =(AD50/AA50)-1 -> -0.22199485
I52: GEÇEN YILIN AYNI DÖNEMİNE GÖRE DEĞİŞİM | AA52: =(AA50/O50)-1 -> 0.36064081 | AD52: =(AD50/R50)-1 -> -0.25520377
I55: DOLAR | M55: 1A25 | N55: 2A25 | O55: 3A25 | P55: 4A25 | Q55: 5A25 | R55: 6A25 | S55: 7A25 | T55: 8A25 | U55: 9A25 | V55: 10A25 | W55: 11A25 | X55: 12A25 | Y55: 1A26 | Z55: 2A26 | AA55: 3A26 | AB55: 4A26 | AC55: 5A26 | AD55: 6A26
I56: PTF FİYATI | M56: =PTF!B8 -> 71.64 | N56: =PTF!C8 -> 69.53 | O56: =PTF!D8 -> 59.76 | P56: =PTF!E8 -> 65.54 | Q56: =PTF!F8 -> 64.03 | R56: =PTF!G8 -> 56.95 | S56: =PTF!H8 -> 74.36 | T56: =PTF!I8 -> 72.53 | ... AD56: =PTF!S8 -> 29.08
I58: SANTRALLERİN TL BAZLI GETİRİLERİ | J58: Sütun1 | K58: Sütun2 | L58: Sütun3 | M58: 1A25 | N58: 2A25 | O58: 3A25 | P58: 4A25 | Q58: 5A25 | R58: 6A25 | S58: 7A25 | T58: 8A25 | U58: 9A25 | V58: 10A25 | W58: 11A25 | X58: 12A25 | Y58: 1A26 | Z58: 2A26 | AA58: 3A26 | AB58: 4A26 | AC58: 5A26 | AD58: 6A26
I59: ADIGÜZEL HES | M59: =$M$86*M30 -> 0 | N59: =$N$86*N30 -> 0 | O59: =$O$86*O30 -> 0 | P59: =$P$86*P30 -> 0 | Q59: =$Q$86*Q30 -> 0 | R59: =$R$86*R30 -> 0 | S59: =$S$86*S30 -> 0 | T59: =$T$86*T30 -> 0 | U59: =$U$86*U30 -> 0 | V59: =$V$86*V30 -> 0 | W59: =$W$86*W30 -> 0 | X59: =$X$86*X30 -> 0 | Y59: =$Y$86*Y30 -> 0 | Z59: =$Z$86*Z30 -> 0 | AA59: =$AA$86*AA30 -> 0 | AB59: =$AA$86*AB30 -> 1918491.7 | AC59: =$AA$86*AC30 -> 4821407.7 | AD59: =$AA$86*AD30 -> 11813778
I60: BEREKET JES | M60: =$M$86*M31 -> 0 | N60: =$N$86*N31 -> 0 | O60: =$O$86*O31 -> 0 | P60: =$P$86*P31 -> 0 | Q60: =$Q$86*Q31 -> 0 | R60: =$R$86*R31 -> 0 | S60: =$S$86*S31 -> 0 | T60: =$T$86*T31 -> 0 | U60: =$U$86*U31 -> 0 | V60: =$V$86*V31 -> 0 | W60: =$W$86*W31 -> 0 | X60: =$X$86*X31 -> 0 | Y60: =$Y$86*Y31 -> 0 | Z60: =$Z$86*Z31 -> 0 | AA60: =$AA$86*AA31 -> 0 | AB60: =$AA$86*AB31 -> 0 | AC60: =$AA$86*AC31 -> 0 | AD60: =$AA$86*AD31 -> 0
I61: BEREKET1-2 HES | M61: =$M$86*M32 -> 3114578.9 | N61: =$N$86*N32 -> 2681673 | O61: =$O$86*O32 -> 1308251.1 | P61: =$P$86*P32 -> 1358994.7 | Q61: =$Q$86*Q32 -> 1200845.5 | R61: =$R$86*R32 -> 480307.27 | S61: =$S$86*S32 -> 481330.53 | T61: =$T$86*T32 -> 449103.04 | U61: =$U$86*U32 -> 485695.32 | V61: =$V$86*V32 -> 1772025.5 | W61: =$W$86*W32 -> 2677723.8 | X61: =$X$86*X32 -> 3256929.3 | Y61: =$Y$86*Y32 -> 3215783.3 | Z61: =$Z$86*Z32 -> 2165319.1 | AA61: =$AA$86*AA32 -> 1606535.2 | AB61: =$AA$86*AB32 -> 446555.51 | AC61: =$AA$86*AC32 -> 124493.06 | AD61: =$AA$86*AD32 -> 216486.67
I62: ÇIRAKDAMI HES | M62: =$M$86*M33 -> 7460145.4 | N62: =$N$86*N33 -> 7310754.1 | O62: =$O$86*O33 -> 52564231 | P62: =$P$86*P33 -> 74873761 | Q62: =$Q$86*Q33 -> 58368785 | R62: =$R$86*R33 -> 19721701 | S62: =$S$86*S33 -> 8842650.1 | T62: =$T$86*T33 -> 4625953.4 | U62: =$U$86*U33 -> 7901131.2 | V62: =$V$86*V33 -> 11323341 | W62: =$W$86*W33 -> 24080123 | X62: =$X$86*X33 -> 18913269 | Y62: =$Y$86*Y33 -> 17259277 | Z62: =$Z$86*Z33 -> 34299732 | AA62: =$AA$86*AA33 -> 27646104 | AB62: =$AA$86*AB33 -> 20766437 | AC62: =$AA$86*AC33 -> 12895271 | AD62: =$AA$86*AD33 -> 27469210
I63: DALAMAN HES | M63: =$M$86*M34 -> 14138056 | N63: =$N$86*N34 -> 8710069.1 | O63: =$O$86*O34 -> 6204779.5 | P63: =$P$86*P34 -> 14631730 | Q63: =$Q$86*Q34 -> 19922392 | R63: =$R$86*R34 -> 23244769 | S63: =$S$86*S34 -> 39617239 | T63: =$T$86*T34 -> 17608475 | U63: =$U$86*U34 -> 11297566 | V63: =$V$86*V34 -> 3567350.7 | W63: =$W$86*W34 -> 1750960.4 | X63: =$X$86*X34 -> 2257884.1 | Y63: =$Y$86*Y34 -> 4175455 | Z63: =$Z$86*Z34 -> 42095666 | AA63: =$AA$86*AA34 -> 25990003 | AB63: =$AA$86*AB34 -> 13857517 | AC63: =$AA$86*AC34 -> 7077182.9 | AD63: =$AA$86*AD34 -> 12165099
I64: DERELİ HES | M64: =$M$86*M35 -> 6428611.9 | N64: =$N$86*N35 -> 3451549.9 | O64: =$O$86*O35 -> 32769826 | P64: =$P$86*P35 -> 46304449 | Q64: =$Q$86*Q35 -> 44537741 | R64: =$R$86*R35 -> 20057929 | S64: =$S$86*S35 -> 8174798.7 | T64: =$T$86*T35 -> 3519673.3 | U64: =$U$86*U35 -> 6405619.2 | V64: =$V$86*V35 -> 10683955 | W64: =$W$86*W35 -> 26093912 | X64: =$X$86*X35 -> 21332697 | Y64: =$Y$86*Y35 -> 15788879 | Z64: =$Z$86*Z35 -> 34465469 | AA64: =$AA$86*AA35 -> 23844162 | AB64: =$AA$86*AB35 -> 21483935 | AC64: =$AA$86*AC35 -> 13296226 | AD64: =$AA$86*AD35 -> 29860349
I65: DÜZCE AKSU HES | M65: =$M$86*M36 -> 25501700 | N65: =$N$86*N36 -> 13040015 | O65: =$O$86*O36 -> 37945921 | P65: =$P$86*P36 -> 34902784 | Q65: =$Q$86*Q36 -> 9100775.3 | R65: =$R$86*R36 -> 1400294.6 | S65: =$S$86*S36 -> 248813.79 | T65: =$T$86*T36 -> 0 | U65: =$U$86*U36 -> 0 | V65: =$V$86*V36 -> 0 | W65: =$W$86*W36 -> 3156.7626 | X65: =$X$86*X36 -> 19579781 | Y65: =$Y$86*Y36 -> 43322693 | Z65: =$Z$86*Z36 -> 47305462 | AA65: =$AA$86*AA36 -> 22603946 | AB65: =$AA$86*AB36 -> 17458786 | AC65: =$AA$86*AC36 -> 10082853 | AD65: =$AA$86*AD36 -> 7313315
I66: FESLEK BEREKET HES | M66: =$M$86*M37 -> 3590528.6 | N66: =$N$86*N37 -> 2785419.9 | O66: =$O$86*O37 -> 717177.37 | P66: =$P$86*P37 -> 1129191.3 | Q66: =$Q$86*Q37 -> 800547.11 | R66: =$R$86*R37 -> 0 | S66: =$S$86*S37 -> 946483.38 | T66: =$T$86*T37 -> 1145589.6 | U66: =$U$86*U37 -> 0 | V66: =$V$86*V37 -> 1682174.8 | W66: =$W$86*W37 -> 1761868.1 | X66: =$X$86*X37 -> 3141231.4 | Y66: =$Y$86*Y37 -> 4074072.6 | Z66: =$Z$86*Z37 -> 4055884.1 | AA66: =$AA$86*AA37 -> 2096466.1 | AB66: =$AA$86*AB37 -> 548837.87 | AC66: =$AA$86*AC37 -> 17232.375 | AD66: =$AA$86*AD37 -> 9271.9544
I67: GÖKTAŞ 1 - 2 HES | M67: =$M$86*M38 -> 29725889 | N67: =$N$86*N38 -> 15340670 | O67: =$O$86*O38 -> 15817932 | P67: =$P$86*P38 -> 37789928 | Q67: =$Q$86*Q38 -> 36668963 | R67: =$R$86*R38 -> 42259443 | S67: =$S$86*S38 -> 32425815 | T67: =$T$86*T38 -> 37574067 | U67: =$U$86*U38 -> 31453913 | V67: =$V$86*V38 -> 19947524 | W67: =$W$86*W38 -> 17648757 | X67: =$X$86*X38 -> 25257504 | Y67: =$Y$86*Y38 -> 25154934 | Z67: =$Z$86*Z38 -> 88803847 | AA67: =$AA$86*AA38 -> 63641362 | AB67: =$AA$86*AB38 -> 53615613 | AC67: =$AA$86*AC38 -> 55069215 | AD67: =$AA$86*AD38 -> 68870231
I68: GÖKYAR HES | M68: =$M$86*M39 -> 9175343.4 | N68: =$N$86*N39 -> 4332155.5 | O68: =$O$86*O39 -> 3337553.1 | P68: =$P$86*P39 -> 5534583.4 | Q68: =$Q$86*Q39 -> 3685417.4 | R68: =$R$86*R39 -> 2181225.5 | S68: =$S$86*S39 -> 2367462.1 | T68: =$T$86*T39 -> 2160009.8 | U68: =$U$86*U39 -> 1656856.7 | V68: =$V$86*V39 -> 3206951.8 | W68: =$W$86*W39 -> 3018654.2 | X68: =$X$86*X39 -> 4999046.2 | Y68: =$Y$86*Y39 -> 9898107.2 | Z68: =$Z$86*Z39 -> 11029829 | AA68: =$AA$86*AA39 -> 5850088.5 | AB68: =$AA$86*AB39 -> 2809785.3 | AC68: =$AA$86*AC39 -> 557681.18 | AD68: =$AA$86*AD39 -> 1610114
I69: KEMER HES | M69: =$M$86*M40 -> 0 | N69: =$N$86*N40 -> 0 | O69: =$O$86*O40 -> 0 | P69: =$P$86*P40 -> 0 | Q69: =$Q$86*Q40 -> 0 | R69: =$R$86*R40 -> 28194005 | S69: =$S$86*S40 -> 70188354 | T69: =$T$86*T40 -> 0 | U69: =$U$86*U40 -> 0 | V69: =$V$86*V40 -> 0 | W69: =$W$86*W40 -> 0 | X69: =$X$86*X40 -> 0 | Y69: =$Y$86*Y40 -> 0 | Z69: =$Z$86*Z40 -> 0 | AA69: =$AA$86*AA40 -> 8420482.6 | AB69: =$AA$86*AB40 -> 14708035 | AC69: =$AA$86*AC40 -> 5511702.3 | AD69: =$AA$86*AD40 -> 24424059
I70: KOYULHİSAR BEREKET HES | M70: =$M$86*M41 -> 32805856 | N70: =$N$86*N41 -> 36578709 | O70: =$O$86*O41 -> 29452814 | P70: =$P$86*P41 -> 48027538 | Q70: =$Q$86*Q41 -> 65858822 | R70: =$R$86*R41 -> 55455736 | S70: =$S$86*S41 -> 73713743 | T70: =$T$86*T41 -> 64323407 | U70: =$U$86*U41 -> 46864339 | V70: =$V$86*V41 -> 24853987 | W70: =$W$86*W41 -> 40962405 | X70: =$X$86*X41 -> 62507375 | Y70: =$Y$86*Y41 -> 60408628 | Z70: =$Z$86*Z41 -> 35191568 | AA70: =$AA$86*AA41 -> 42593313 | AB70: =$AA$86*AB41 -> 19664112 | AC70: =$AA$86*AC41 -> 8622750.3 | AD70: =$AA$86*AD41 -> 26929218
... I76: YALOVA RES | M76: =$M$86*M47 -> 34188004 | N76: =$N$86*N47 -> 21497409 | O76: =$O$86*O47 -> 29171167 | P76: =$P$86*P47 -> 20939740 | Q76: =$Q$86*Q47 -> 19314234 | R76: =$R$86*R47 -> 27351730 | S76: =$S$86*S47 -> 40551216 | T76: =$T$86*T47 -> 58342283 | U76: =$U$86*U47 -> 34687184 | V76: =$V$86*V47 -> 25691339 | W76: =$W$86*W47 -> 28004204 | X76: =$X$86*X47 -> 20331336 | Y76: =$Y$86*Y47 -> 51972059 | Z76: =$Z$86*Z47 -> 28132159 | AA76: =$AA$86*AA47 -> 16412347 | AB76: =$AA$86*AB47 -> 5920035.6 | AC76: =$AA$86*AC47 -> 6636618.4 | AD76: =$AA$86*AD47 -> 17351866
I77: Toplam | M77: =SUM(M59:M76) -> 3.21279e+08 | N77: =SUM(N59:N76) -> 3.1931091e+08 | O77: =SUM(O59:O76) -> 4.4439918e+08 | P77: =SUM(P59:P76) -> 5.3158451e+08 | Q77: =SUM(Q59:Q76) -> 6.024464e+08 | R77: =SUM(R59:R76) -> 5.101525e+08 | S77: =SUM(S59:S76) -> 5.7739976e+08 | T77: =SUM(T59:T76) -> 4.8970651e+08 | ... AD77: =SUM(AD59:AD76) -> 5.4638391e+08
I79: ÇEYREKLİK GELİR | O79: =SUM(M77:O77) -> 1.0849891e+09 | R79: =SUM(P77:R77) -> 1.6441834e+09 | U79: =SUM(S77:U77) -> 1.4592376e+09 | X79: =SUM(V77:X77) -> 1.0244396e+09 | AA79: =SUM(Y77:AA77) -> 1.7739104e+09 | AD79: =SUM(AB77:AD77) -> 1.3955281e+09
I80: ÖNCEKİ ÇEYREĞE GÖRE DEĞİŞİM | R80: =(R79/O79)-1 -> 0.51539165 | U80: =(U79/R79)-1 -> -0.11248487 | X80: =(X79/U79)-1 -> -0.29796243 | AA80: =(AA79/X79)-1 -> 0.73159094 | AD80: =(AD79/AA79)-1 -> -0.21330407
I81: GEÇEN YILIN AYNI DÖNEMİNE GÖRE DEĞİŞİM | AA81: =(AA79/O79)-1 -> 0.63495691 | AD81: =(AD79/R79)-1 -> -0.15123331
I85: AYLIK ORT | M85: 1A25 | N85: 2A25 | O85: 3A25 | P85: 4A25 | Q85: 5A25 | R85: 6A25 | S85: 7A25 | T85: 8A25 | U85: 9A25 | V85: 10A25 | W85: 11A25 | X85: 12A25 | Y85: 1A26 | Z85: 2A26 | AA85: 3A26 | AB85: 4A26 | AC85: 5A26 | AD85: 6A26
I86: DOLAR | M86: =PTF!B5 -> 35,48 | N86: =PTF!C5 -> 36.12 | O86: =PTF!D5 -> 37.04 | P86: =PTF!E5 -> 38.05 | Q86: =PTF!F5 -> 38.72 | R86: =PTF!G5 -> 39.37 | S86: =PTF!H5 -> 40.14 | T86: =PTF!I5 -> 40.75 | ... AD86: =PTF!S5 -> 46.17
I89: AYDEM | J89: 1A25 | K89: 2A25 | L89: 3A25 | M89: 4A25 | N89: 5A25 | O89: 6A25 | P89: 7A25 | Q89: 8A25 | R89: 9A25 | S89: 10A25 | T89: 11A25 | U89: 12A25 | V89: 1A26 | W89: 2A26 | X89: 3A26 | Y89: 4A26 | Z89: 5A26 | AA89: 6A26
I90: HES | J90: =SUM(M2,M4:M14,M16:M17) -> 78993.79 | K90: =SUM(N2,N4:N14,N16:N17) -> 66570.7 | L90: =SUM(O2,O4:O14,O16:O17) -> 117948.94 | M90: =SUM(P2,P4:P14,P16:P17) -> 155143.56 | N90: =SUM(Q2,Q4:Q14,Q16:Q17) -> 169664.34 | O90: =SUM(R2,R4:R14,R16:R17) -> 134900.56 | P90: =SUM(S2,S4:S14,S16:S17) -> 124676.31 | Q90: =SUM(T2,T4:T14,T16:T17) -> 81898.96 | ... AA90: =SUM(AD2,AD4:AD14,AD16:AD17) -> 261010.9
I91: RES | J91: =SUM(M15,M18:M19) -> 46556.05 | K91: =SUM(N15,N18:N19) -> 58329.7 | L91: =SUM(O15,O18:O19) -> 71376.28 | M91: =SUM(P15,P18:P19) -> 51163.64 | N91: =SUM(Q15,Q18:Q19) -> 62556.29 | O91: =SUM(R15,R18:R19) -> 71663.67 | P91: =SUM(S15,S18:S19) -> 69976.77 | Q91: =SUM(T15,T18:T19) -> 83371.3 | ... AA91: =SUM(AD15,AD18:AD19) -> 51477.1
I92: JES | J92: =M3 -> 0 | K92: =N3 -> 0 | L92: =O3 -> 0 | M92: =P3 -> 0 | N92: =Q3 -> 0 | O92: =R3 -> 0 | P92: =S3 -> 0 | Q92: =T3 -> 0 | ... AA92: =AD3 -> 0
I93: TOPLAM | J93: =SUM(J90:J92) -> 125549.84 | K93: =SUM(K90:K92) -> 124900.4 | L93: =SUM(L90:L92) -> 189325.22 | M93: =SUM(M90:M92) -> 206307.2 | N93: =SUM(N90:N92) -> 232220.63 | O93: =SUM(O90:O92) -> 206564.23 | P93: =SUM(P90:P92) -> 194653.08 | Q93: =SUM(Q90:Q92) -> 165270.26 | ... AA93: =SUM(AA90:AA92) -> 312488
I96: AYDEM | J96: 1Q25 | K96: 2Q25 | L96: 3Q25 | M96: 4Q25 | N96: 1Q26 | O96: 2Q26
I97: HES | J97: =SUM(J90:L90) -> 263513.43 | K97: =SUM(M90:O90) -> 459708.46 | L97: =SUM(P90:R90) -> 273777.38 | M97: =SUM(S90:U90) -> 202928.09 | N97: =SUM(V90:X90) -> 531973.5 | O97: =SUM(Y90:AA90) -> 751458.24
I98: RES | J98: =SUM(J91:L91) -> 176262.03 | K98: =SUM(M91:O91) -> 185383.6 | L98: =SUM(P91:R91) -> 223000.92 | M98: =SUM(S91:U91) -> 143741.2 | N98: =SUM(V91:X91) -> 203320.05 | O98: =SUM(Y91:AA91) -> 125112.4
I99: JES | J99: =SUM(J92:L92) -> 0 | K99: =SUM(M92:O92) -> 0 | L99: =SUM(P92:R92) -> 0 | M99: =SUM(S92:U92) -> 0 | N99: =SUM(V92:X92) -> 0 | O99: =SUM(Y92:AA92) -> 0
I100: TOPLAM | J100: =SUM(J93:L93) -> 439775.46 | K100: =SUM(M93:O93) -> 645092.06 | L100: =SUM(P93:R93) -> 496778.3 | M100: =SUM(S93:U93) -> 346669.29 | N100: =SUM(V93:X93) -> 735293.55 | O100: =SUM(Y93:AA93) -> 876570.64
O115: milyar tl | P115: 1q25 | Q115: 2q25 | R115: 3q25 | S115: 4q25 | T115: 1q26 | U115: 2q26
O116: gerçekleşen | P116: 4.56 | Q116: 2.65 | R116: 3.84 | S116: 3.17 | T116: 3.75
O117: üretim | P117: 1.12 | Q117: 1.68 | R117: 1.5 | S117: 1.05 | T117: 1.84 | U117: 1.48
O119: tahminler | P119: 1q25 | Q119: 2q25 | R119: 3q25 | S119: 4q25 | T119: 1q26
O120: iş | P120: 1.52 | Q120: 2.01 | R120: 1.91 | S120: - | T120: 3.52
O121: yfas | P121: 1.28 | Q121: 1.69 | R121: - | S121: - | T121: 3.63
O122: phillip | P122: - | Q122: 1.99 | R122: 1.8 | S122: - | T122: -
O123: marbaş | P123: - | Q123: - | R123: - | S123: 1.3 | T123: 3.64
O124: pusula | P124: - | Q124: - | R124: - | S124: 1.3 | T124: 3.54

Sheet AYEN
A1: SANTRAL ADI | B1: KURULU GÜÇ | C1: EIC KODU | D1: ID | E1: SATIŞ FİYATI | F1: SÜRE (YIL SONU) | G1: 1A25 | H1: 2A25 | I1: 3A25 | J1: 4A25 | K1: 5A25 | L1: 6A25 | M1: 7A25 | N1: 8A25 | O1: 9A25 | P1: 10A25 | Q1: 11A25 | R1: 12A25 | S1: 1A26 | T1: 2A26 | U1: 3A26 | V1: 4A26 | W1: 5A26 | X1: 6A26
A2: Akbük 1 RES | B2: 31.5 | C2: 40W000000000675P | D2: 1472 | E2: PTF | F2: - | G2: 5705.45 | H2: 8807.42 | I2: 6054.2 | J2: 4631.05 | K2: 5804.1 | L2: 8319.91 | M2: 6363.23 | N2: 6846.55 | O2: 7495.33 | P2: 5972.86 | Q2: 5740.19 | R2: 7170.5 | S2: 10865.41 | T2: 7862.46 | U2: 6292.45 | V2: 5346.58 | W2: 5060.95 | X2: 4572.57
A3: Akbük 2 RES | B3: 20 | C3: 40W000000009763K | D3: 2031 | E3: PTF | F3: - | G3: 3309.63 | H3: 5033.81 | I3: 4302.74 | J3: 2336.6 | K3: 3757.85 | L3: 3636.97 | M3: 2300.12 | N3: 2424.35 | O3: 2625.26 | P3: 3532.86 | Q3: 3743.65 | R3: 3449.98 | S3: 7008.52 | T3: 4554.47 | U3: 2482.59 | V3: 2497.91 | W3: 2736.83 | X3: 1740.68
A4: Mordoğan RES | B4: 30.75 | C4: 40W000000007023X | D4: 1578 | E4: PTF | F4: - | G4: 4337.31 | H4: 8580 | I4: 7922.6 | J4: 3665.03 | K4: 6084.82 | L4: 7307.57 | M4: 3537.1 | N4: 5883.38 | O4: 5943.62 | P4: 4622.08 | Q4: 5781.28 | R4: 3922.32 | S4: 8080.87 | T4: 6383.79 | U4: 4810.37 | V4: 3078.71 | W4: 3434.57 | X4: 4511.1
A5: Korkmaz RES | B5: 24 | C5: 40W0000000080783 | D5: 1759 | E5: PTF | F5: - | G5: 3391.73 | H5: 6180.73 | I5: 5028.25 | J5: 3288.55 | K5: 3472.5 | L5: 7925.97 | M5: 4625.35 | N5: 6157.73 | O5: 6264.45 | P5: 3425.7 | Q5: 4242.09 | R5: 4071.91 | S5: 8351.1 | T5: 5561.11 | U5: 5299.05 | V5: 3456.34 | W5: 2419.12 | X5: 3809.03
A6: Büyükdüz HES | B6: 68.86 | C6: 40W000000005510W | D6: 1286 | E6: PTF | F6: - | G6: 1064.74 | H6: 1126.08 | I6: 19878.3 | J6: 33906.25 | K6: 43735.85 | L6: 20077.2 | M6: 4972.41 | N6: 1423.15 | O6: 438.26 | P6: 13.29 | Q6: 0 | R6: 1556.86 | S6: 2691.62 | T6: 8664.56 | U6: 9400.54 | V6: 19610.59 | W6: 23070.74 | X6: 33279.75
A7: Çaypınar RES | B7: 27.6 | C7: 40W0000000156259 | D7: 2640 | E7: 73 | F7: 2030 | G7: 5609.09 | H7: 8474.62 | I7: 7784.3 | J7: 7938.43 | K7: 7474.11 | L7: 12194.65 | M7: 10870.89 | N7: 13690.85 | O7: 11527.65 | P7: 4690.99 | Q7: 4665.17 | R7: 4553.17 | S7: 10557.08 | T7: 7825.11 | U7: 9875.18 | V7: 7502.57 | W7: 7042.46 | X7: 11285.26
A8: Toplam | B8: =SUM(B2:B7) -> 202.71 | G8: 23417.95 | H8: 38202.66 | I8: 50970.39 | J8: 55765.91 | K8: 70329.23 | L8: 59462.27 | M8: 32669.1 | N8: 36426.01 | O8: 34294.57 | P8: 22257.78 | Q8: 24172.38 | R8: 24724.74 | S8: 47554.6 | T8: 40851.5 | U8: 38160.18 | V8: 41492.7 | W8: 43764.67 | X8: 59198.39
A10: Yurtdışı
A11: Peshqeshit HES | B11: 34
A12: Fangut HES | B12: 74.6
A13: Fangut Cansuyu HES | B13: 1.11
A15: HES Geçen Yılın Aynı Dönemine Göre Değişimi | S15: =(S6/G6)-1 -> 1.5279599 | T15: =(T6/H6)-1 -> 6.6944444 | U15: =(U6/I6)-1 -> -0.52709538 | V15: =(V6/J6)-1 -> -0.42162315 | W15: =(W6/K6)-1 -> -0.47249819 | X15: =(X6/L6)-1 -> 0.65758921
A16: HES Kümülatif Değişimi | T16: =(SUM(S6:T6)/SUM(G6:H6))-1 -> 4.1835295 | U16: =(SUM(S6:U6)/SUM(G6:I6))-1 -> -0.059467709 | V16: =(SUM(S6:V6)/SUM(G6:J6))-1 -> -0.278838 | W16: =(SUM(S6:W6)/SUM(G6:K6))-1 -> -0.36378223 | X16: =(SUM(S6:X6)/SUM(G6:L6))-1 -> -0.19259474
